order_id,order_date,delivery_date,delivery_days,customer_id,customer_age,gender,city,city_tier,category,product_name,unit_price,cost_price,quantity,discount_pct,gross_amount,discount_amount,net_amount,profit,profit_margin,payment_method,acquisition_channel,is_repeat_customer,product_rating,is_returned,order_month,order_quarter,age_group
ORD100000,2023-09-08,2023-09-14,6,CUST0152,45,Male,Ahmedabad,3,Home & Kitchen,Air Fryer,2418.61,1352.18,1,15.0,2418.61,362.79,2055.82,703.64,34.23,Debit Card,Social Media,1,3.1,0,2023-09,2023Q3,36-45
ORD100001,2023-01-07,2023-01-16,9,CUST0196,39,Male,Pune,2,Fashion,Sneakers,2572.8,1237.76,2,5.0,5145.6,257.28,4888.32,2412.8,49.36,UPI,Organic Search,1,3.9,0,2023-01,2023Q1,36-45
ORD100002,2023-10-28,2023-11-04,7,CUST0018,20,Female,Mumbai,1,Electronics,Earbuds,2497.33,1219.84,4,5.0,9989.32,499.47,9489.85,4610.49,48.58,UPI,Paid Ads,0,5.0,0,2023-10,2023Q4,18-25
ORD100003,2023-08-03,2023-08-11,8,CUST0044,52,Female,Hyderabad,2,Sports,Dumbbells Set,1387.35,793.32,4,10.0,5549.4,554.94,4994.46,1821.18,36.46,Debit Card,Social Media,1,4.4,0,2023-08,2023Q3,46-55
ORD100004,2023-02-02,2023-02-09,7,CUST0184,38,Male,Bangalore,1,Sports,Yoga Mat,652.36,416.59,1,0.0,652.36,0.0,652.36,235.77,36.14,Debit Card,Organic Search,1,5.0,0,2023-02,2023Q1,36-45
ORD100005,2024-02-13,2024-02-18,5,CUST0013,25,Male,Chennai,2,Home & Kitchen,Cookware Set,1282.51,600.45,5,10.0,6412.55,641.26,5771.29,2769.04,47.98,UPI,Social Media,1,5.0,0,2024-02,2024Q1,18-25
ORD100006,2023-01-12,2023-01-22,10,CUST0165,39,Male,Jaipur,3,Fashion,Handbag,2662.17,1340.04,2,10.0,5324.34,532.43,4791.91,2111.83,44.07,UPI,Organic Search,1,4.4,0,2023-01,2023Q1,36-45
ORD100007,2023-11-02,2023-11-13,11,CUST0139,51,Female,Jaipur,3,Electronics,Bluetooth Speaker,2030.63,1223.46,2,0.0,4061.26,0.0,4061.26,1614.34,39.75,Net Banking,Referral,1,3.7,0,2023-11,2023Q4,46-55
ORD100008,2023-03-22,2023-03-27,5,CUST0033,26,Female,Jaipur,3,Electronics,Smartphone,18246.71,10155.05,3,30.0,54740.13,16422.04,38318.09,7852.94,20.49,Cash on Delivery,Referral,0,3.0,0,2023-03,2023Q1,26-35
ORD100009,2024-02-13,2024-02-23,10,CUST0058,22,Male,Ahmedabad,3,Beauty,Perfume,1764.74,836.84,1,10.0,1764.74,176.47,1588.27,751.43,47.31,Credit Card,Social Media,1,2.8,0,2024-02,2024Q1,18-25
ORD100010,2023-09-01,2023-09-04,3,CUST0147,54,Male,Mumbai,1,Books,Textbook,701.39,446.86,1,0.0,701.39,0.0,701.39,254.53,36.29,UPI,Paid Ads,0,4.8,0,2023-09,2023Q3,46-55
ORD100011,2023-04-11,2023-04-14,3,CUST0049,52,Male,Kolkata,2,Fashion,Men T-Shirt,541.57,270.64,1,20.0,541.57,108.31,433.26,162.62,37.53,Net Banking,Paid Ads,1,3.8,0,2023-04,2023Q2,46-55
ORD100012,2023-01-16,2023-01-19,3,CUST0055,43,Female,Kolkata,2,Home & Kitchen,Air Fryer,4779.1,2614.78,3,0.0,14337.3,0.0,14337.3,6492.96,45.29,Debit Card,Organic Search,1,1.0,0,2023-01,2023Q1,36-45
ORD100013,2024-05-13,2024-05-17,4,CUST0016,65,Male,Kolkata,2,Beauty,Lipstick Set,294.95,176.13,1,0.0,294.95,0.0,294.95,118.82,40.28,UPI,Organic Search,1,4.3,0,2024-05,2024Q2,56-65
ORD100014,2023-08-29,2023-09-04,6,CUST0159,23,Male,Pune,2,Sports,Yoga Mat,495.91,282.13,4,0.0,1983.64,0.0,1983.64,855.12,43.11,Credit Card,Social Media,1,4.3,0,2023-08,2023Q3,18-25
ORD100015,2023-03-16,2023-03-19,3,CUST0055,50,Male,Chennai,2,Fashion,Jeans,1241.6,576.91,5,30.0,6208.0,1862.4,4345.6,1461.05,33.62,Net Banking,Organic Search,0,5.0,0,2023-03,2023Q1,46-55
ORD100016,2024-06-25,2024-06-30,5,CUST0035,34,Male,Surat,3,Beauty,Lipstick Set,533.93,251.33,2,25.0,1067.86,266.96,800.9,298.24,37.24,Credit Card,Social Media,1,3.8,0,2024-06,2024Q2,26-35
ORD100017,2023-09-15,2023-09-24,9,CUST0086,26,Female,Pune,2,Home & Kitchen,Bedsheet Set,566.04,259.71,2,20.0,1132.08,226.42,905.66,386.24,42.65,Credit Card,Organic Search,1,5.0,0,2023-09,2023Q3,26-35
ORD100018,2024-01-14,2024-01-21,7,CUST0011,40,Male,Pune,2,Books,Self-Help Book,498.64,260.75,1,0.0,498.64,0.0,498.64,237.89,47.71,UPI,Paid Ads,1,3.2,0,2024-01,2024Q1,36-45
ORD100019,2023-07-01,2023-07-09,8,CUST0172,65,Female,Jaipur,3,Electronics,Smartphone,8347.01,5310.06,2,5.0,16694.02,834.7,15859.32,5239.2,33.04,Credit Card,Email Campaign,1,4.7,0,2023-07,2023Q3,56-65
ORD100020,2023-08-22,2023-08-26,4,CUST0198,35,Male,Hyderabad,2,Sports,Running Shoes,1266.26,788.72,1,5.0,1266.26,63.31,1202.95,414.23,34.43,Net Banking,Organic Search,1,5.0,0,2023-08,2023Q3,26-35
ORD100021,2023-09-29,2023-10-04,5,CUST0156,50,Male,Surat,3,Fashion,Handbag,825.21,423.11,1,15.0,825.21,123.78,701.43,278.32,39.68,Net Banking,Paid Ads,0,2.6,0,2023-09,2023Q3,46-55
ORD100022,2023-03-13,2023-03-21,8,CUST0077,50,Male,Hyderabad,2,Beauty,Perfume,2333.62,1108.29,2,10.0,4667.24,466.72,4200.52,1983.94,47.23,Cash on Delivery,Paid Ads,1,3.8,0,2023-03,2023Q1,46-55
ORD100023,2023-11-05,2023-11-11,6,CUST0149,56,Female,Kolkata,2,Beauty,Perfume,1550.67,831.12,1,0.0,1550.67,0.0,1550.67,719.55,46.4,Debit Card,Referral,1,3.8,0,2023-11,2023Q4,56-65
ORD100024,2023-12-10,2023-12-11,1,CUST0051,27,Male,Bangalore,1,Electronics,Bluetooth Speaker,2263.95,1120.49,3,10.0,6791.85,679.18,6112.67,2751.2,45.01,UPI,Paid Ads,1,4.3,0,2023-12,2023Q4,26-35
ORD100025,2023-09-07,2023-09-11,4,CUST0028,45,Male,Chennai,2,Electronics,Earbuds,2571.36,1553.13,1,15.0,2571.36,385.7,2185.66,632.53,28.94,Credit Card,Referral,0,5.0,0,2023-09,2023Q3,36-45
ORD100026,2023-11-21,2023-11-30,9,CUST0141,46,Female,Kolkata,2,Electronics,Earbuds,3206.85,1766.83,2,15.0,6413.7,962.06,5451.64,1917.98,35.18,Debit Card,Social Media,0,3.8,0,2023-11,2023Q4,46-55
ORD100027,2023-03-21,2023-03-27,6,CUST0036,27,Male,Bangalore,1,Home & Kitchen,Mixer Grinder,2214.32,1235.66,1,5.0,2214.32,110.72,2103.6,867.94,41.26,UPI,Paid Ads,0,4.7,0,2023-03,2023Q1,26-35
ORD100028,2023-01-21,2023-01-30,9,CUST0077,42,Female,Hyderabad,2,Electronics,Earbuds,3177.77,2029.16,2,5.0,6355.54,317.78,6037.76,1979.44,32.78,Credit Card,Social Media,0,4.2,0,2023-01,2023Q1,36-45
ORD100029,2024-02-03,2024-02-08,5,CUST0033,57,Female,Chennai,2,Electronics,Earbuds,2605.96,1610.75,3,15.0,7817.88,1172.68,6645.2,1812.95,27.28,Net Banking,Paid Ads,0,4.1,0,2024-02,2024Q1,56-65
ORD100030,2023-08-05,2023-08-11,6,CUST0108,34,Female,Hyderabad,2,Electronics,Laptop,39268.4,26842.81,3,5.0,117805.2,5890.26,111914.94,31386.51,28.04,Credit Card,Organic Search,1,4.6,0,2023-08,2023Q3,26-35
ORD100031,2023-09-11,2023-09-17,6,CUST0030,54,Female,Ahmedabad,3,Toys,Lego Set,2194.53,1195.39,2,0.0,4389.06,0.0,4389.06,1998.28,45.53,Debit Card,Referral,1,3.9,0,2023-09,2023Q3,46-55
ORD100032,2023-04-21,2023-04-30,9,CUST0102,63,Male,Surat,3,Sports,Dumbbells Set,856.49,549.55,1,10.0,856.49,85.65,770.84,221.29,28.71,Debit Card,Paid Ads,1,4.8,0,2023-04,2023Q2,56-65
ORD100033,2023-12-22,2023-12-31,9,CUST0108,49,Male,Ahmedabad,3,Sports,Cycle,10568.91,5477.3,1,10.0,10568.91,1056.89,9512.02,4034.72,42.42,Debit Card,Paid Ads,0,4.3,0,2023-12,2023Q4,46-55
ORD100034,2024-05-10,2024-05-16,6,CUST0023,35,Female,Kolkata,2,Toys,Remote Car,1153.36,715.48,2,0.0,2306.72,0.0,2306.72,875.76,37.97,Net Banking,Organic Search,1,4.1,0,2024-05,2024Q2,26-35
ORD100035,2023-09-22,2023-09-27,5,CUST0133,30,Male,Hyderabad,2,Electronics,Smartphone,11915.22,6686.32,2,20.0,23830.44,4766.09,19064.35,5691.71,29.86,UPI,Social Media,0,4.2,0,2023-09,2023Q3,26-35
ORD100036,2024-02-19,2024-02-25,6,CUST0089,45,Other,Bangalore,1,Sports,Yoga Mat,594.64,333.41,2,5.0,1189.28,59.46,1129.82,463.0,40.98,Debit Card,Organic Search,1,4.0,0,2024-02,2024Q1,36-45
ORD100037,2023-07-09,2023-07-15,6,CUST0135,56,Male,Surat,3,Fashion,Handbag,1149.15,741.57,1,15.0,1149.15,172.37,976.78,235.21,24.08,UPI,Organic Search,1,2.8,0,2023-07,2023Q3,56-65
ORD100038,2023-05-10,2023-05-18,8,CUST0121,48,Male,Pune,2,Fashion,Men T-Shirt,821.08,463.76,1,5.0,821.08,41.05,780.03,316.27,40.55,UPI,Email Campaign,1,2.4,1,2023-05,2023Q2,46-55
ORD100039,2023-11-08,2023-11-09,1,CUST0159,32,Female,Delhi,1,Electronics,Bluetooth Speaker,2492.09,1423.64,1,15.0,2492.09,373.81,2118.28,694.64,32.79,UPI,Paid Ads,1,4.8,0,2023-11,2023Q4,26-35
ORD100040,2023-08-01,2023-08-11,10,CUST0020,28,Male,Surat,3,Electronics,Bluetooth Speaker,1474.33,714.7,2,0.0,2948.66,0.0,2948.66,1519.26,51.52,Debit Card,Social Media,1,3.8,0,2023-08,2023Q3,26-35
ORD100041,2023-07-22,2023-07-30,8,CUST0037,22,Male,Surat,3,Fashion,Women Kurta,491.82,247.45,1,0.0,491.82,0.0,491.82,244.37,49.69,UPI,Paid Ads,0,4.3,0,2023-07,2023Q3,18-25
ORD100042,2024-05-27,2024-06-05,9,CUST0083,42,Male,Surat,3,Fashion,Sneakers,1886.35,1011.85,1,0.0,1886.35,0.0,1886.35,874.5,46.36,Cash on Delivery,Referral,1,5.0,0,2024-05,2024Q2,36-45
ORD100043,2023-06-29,2023-07-05,6,CUST0112,58,Female,Pune,2,Beauty,Hair Dryer,1326.55,861.45,1,0.0,1326.55,0.0,1326.55,465.1,35.06,Credit Card,Organic Search,0,3.9,0,2023-06,2023Q2,56-65
ORD100044,2024-02-15,2024-02-22,7,CUST0030,43,Female,Bangalore,1,Fashion,Sneakers,2473.1,1237.74,1,0.0,2473.1,0.0,2473.1,1235.36,49.95,UPI,Organic Search,0,1.3,1,2024-02,2024Q1,36-45
ORD100045,2023-02-22,2023-02-26,4,CUST0125,25,Male,Kolkata,2,Home & Kitchen,Vacuum Cleaner,4335.28,2714.62,1,0.0,4335.28,0.0,4335.28,1620.66,37.38,UPI,Organic Search,0,5.0,0,2023-02,2023Q1,18-25
ORD100046,2023-05-01,2023-05-09,8,CUST0070,44,Female,Chennai,2,Electronics,Bluetooth Speaker,2281.79,1259.03,1,15.0,2281.79,342.27,1939.52,680.49,35.09,UPI,Referral,0,3.0,0,2023-05,2023Q2,36-45
ORD100047,2024-02-29,2024-03-03,3,CUST0077,55,Female,Bangalore,1,Books,Fiction Novel,573.7,290.62,2,20.0,1147.4,229.48,917.92,336.68,36.68,Debit Card,Paid Ads,0,5.0,0,2024-02,2024Q1,46-55
ORD100048,2023-09-02,2023-09-11,9,CUST0122,63,Female,Jaipur,3,Fashion,Jeans,1136.16,583.57,3,5.0,3408.48,170.42,3238.06,1487.35,45.93,Cash on Delivery,Organic Search,1,5.0,0,2023-09,2023Q3,56-65
ORD100049,2023-04-13,2023-04-22,9,CUST0037,44,Female,Hyderabad,2,Electronics,Smartwatch,10605.35,4804.96,1,25.0,10605.35,2651.34,7954.01,3149.05,39.59,UPI,Social Media,0,2.2,1,2023-04,2023Q2,36-45
ORD100050,2024-06-30,2024-07-08,8,CUST0139,20,Female,Jaipur,3,Electronics,Laptop,39268.4,39939.14,2,20.0,78536.8,15707.36,62829.44,-17048.84,-27.14,Cash on Delivery,Organic Search,1,4.8,0,2024-06,2024Q2,18-25
ORD100051,2023-11-03,2023-11-06,3,CUST0038,33,Female,Chennai,2,Beauty,Face Serum,341.39,179.22,3,0.0,1024.17,0.0,1024.17,486.51,47.5,UPI,Email Campaign,1,4.7,0,2023-11,2023Q4,26-35
ORD100052,2024-04-17,2024-04-23,6,CUST0074,61,Female,Delhi,1,Electronics,Smartwatch,5285.8,3229.24,1,0.0,5285.8,0.0,5285.8,2056.56,38.91,Debit Card,Referral,1,5.0,0,2024-04,2024Q2,56-65
ORD100053,2024-01-29,2024-02-05,7,CUST0180,36,Male,Delhi,1,Fashion,Jeans,1276.49,721.17,1,10.0,1276.49,127.65,1148.84,427.67,37.23,Cash on Delivery,Email Campaign,0,3.6,0,2024-01,2024Q1,36-45
ORD100054,2023-10-21,2023-11-01,11,CUST0159,34,Female,Jaipur,3,Books,Comic Set,429.6,248.02,2,5.0,859.2,42.96,816.24,320.2,39.23,UPI,Referral,0,5.0,0,2023-10,2023Q4,26-35
ORD100055,2024-01-09,2024-01-15,6,CUST0052,26,Female,Mumbai,1,Fashion,Sneakers,1089.11,580.61,4,5.0,4356.44,217.82,4138.62,1816.18,43.88,Cash on Delivery,Organic Search,0,4.0,0,2024-01,2024Q1,26-35
ORD100056,2023-12-13,2023-12-24,11,CUST0174,64,Female,Ahmedabad,3,Books,Textbook,369.1,237.44,5,0.0,1845.5,0.0,1845.5,658.3,35.67,Credit Card,Paid Ads,1,5.0,0,2023-12,2023Q4,56-65
ORD100057,2023-09-26,2023-10-03,7,CUST0121,19,Female,Kolkata,2,Electronics,Laptop,39268.4,27578.96,2,5.0,78536.8,3926.84,74609.96,19452.04,26.07,UPI,Social Media,0,4.1,0,2023-09,2023Q3,18-25
ORD100058,2023-02-16,2023-02-17,1,CUST0035,42,Male,Delhi,1,Beauty,Moisturizer,382.62,240.08,1,0.0,382.62,0.0,382.62,142.54,37.25,Credit Card,Social Media,0,5.0,0,2023-02,2023Q1,36-45
ORD100059,2024-02-22,2024-02-29,7,CUST0093,24,Other,Jaipur,3,Fashion,Men T-Shirt,319.63,204.6,1,5.0,319.63,15.98,303.65,99.05,32.62,Cash on Delivery,Organic Search,1,5.0,0,2024-02,2024Q1,18-25
ORD100060,2023-08-06,2023-08-12,6,CUST0033,54,Male,Mumbai,1,Books,Comic Set,373.82,193.15,5,0.0,1869.1,0.0,1869.1,903.35,48.33,Debit Card,Organic Search,0,4.1,0,2023-08,2023Q3,46-55
ORD100061,2023-05-29,2023-05-31,2,CUST0034,18,Male,Mumbai,1,Sports,Cycle,12022.8,7493.69,3,0.0,36068.4,0.0,36068.4,13587.33,37.67,UPI,Organic Search,0,3.6,0,2023-05,2023Q2,18-25
ORD100062,2024-01-06,2024-01-13,7,CUST0187,60,Female,Chennai,2,Electronics,Bluetooth Speaker,1971.77,1129.87,1,0.0,1971.77,0.0,1971.77,841.9,42.7,Debit Card,Paid Ads,1,4.6,0,2024-01,2024Q1,56-65
ORD100063,2023-03-24,2023-03-27,3,CUST0141,63,Male,Mumbai,1,Home & Kitchen,Vacuum Cleaner,6041.49,3483.62,1,0.0,6041.49,0.0,6041.49,2557.87,42.34,Debit Card,Organic Search,0,4.0,0,2023-03,2023Q1,56-65
ORD100064,2023-08-09,2023-08-17,8,CUST0107,64,Male,Ahmedabad,3,Sports,Cycle,10870.21,5877.52,1,5.0,10870.21,543.51,10326.7,4449.18,43.08,Credit Card,Referral,1,4.9,0,2023-08,2023Q3,56-65
ORD100065,2024-01-17,2024-01-26,9,CUST0172,25,Male,Chennai,2,Sports,Yoga Mat,504.09,283.47,1,10.0,504.09,50.41,453.68,170.21,37.52,Credit Card,Organic Search,0,4.9,0,2024-01,2024Q1,18-25
ORD100066,2023-08-06,2023-08-10,4,CUST0095,25,Female,Pune,2,Fashion,Men T-Shirt,694.04,429.66,1,0.0,694.04,0.0,694.04,264.38,38.09,UPI,Email Campaign,1,5.0,0,2023-08,2023Q3,18-25
ORD100067,2023-10-01,2023-10-04,3,CUST0002,29,Female,Kolkata,2,Home & Kitchen,Air Fryer,2541.25,1316.28,2,5.0,5082.5,254.12,4828.38,2195.82,45.48,Debit Card,Organic Search,1,3.7,0,2023-10,2023Q4,26-35
ORD100068,2023-06-11,2023-06-16,5,CUST0014,27,Male,Chennai,2,Electronics,Earbuds,1641.42,934.37,1,10.0,1641.42,164.14,1477.28,542.91,36.75,UPI,Paid Ads,0,4.8,0,2023-06,2023Q2,26-35
ORD100069,2024-03-16,2024-03-17,1,CUST0012,32,Male,Delhi,1,Fashion,Handbag,1349.74,787.47,2,5.0,2699.48,134.97,2564.51,989.57,38.59,Credit Card,Organic Search,1,1.0,1,2024-03,2024Q1,26-35
ORD100070,2024-03-16,2024-03-20,4,CUST0172,40,Male,Chennai,2,Fashion,Men T-Shirt,377.51,212.06,2,0.0,755.02,0.0,755.02,330.9,43.83,UPI,Social Media,0,1.6,0,2024-03,2024Q1,36-45
ORD100071,2024-02-19,2024-02-20,1,CUST0177,41,Male,Bangalore,1,Beauty,Moisturizer,779.72,422.62,1,25.0,779.72,194.93,584.79,162.17,27.73,UPI,Paid Ads,0,3.1,0,2024-02,2024Q1,36-45
ORD100072,2023-03-20,2023-03-29,9,CUST0090,64,Female,Ahmedabad,3,Fashion,Jeans,1486.51,899.7,2,0.0,2973.02,0.0,2973.02,1173.62,39.48,Credit Card,Organic Search,0,2.7,0,2023-03,2023Q1,56-65
ORD100073,2024-05-20,2024-05-24,4,CUST0145,59,Female,Delhi,1,Beauty,Face Serum,979.0,621.5,3,5.0,2937.0,146.85,2790.15,925.65,33.18,UPI,Organic Search,0,5.0,0,2024-05,2024Q2,56-65
ORD100074,2023-12-27,2024-01-03,7,CUST0074,22,Female,Pune,2,Fashion,Jeans,703.87,368.65,1,0.0,703.87,0.0,703.87,335.22,47.63,Cash on Delivery,Social Media,0,2.1,1,2023-12,2023Q4,18-25
ORD100075,2023-07-12,2023-07-17,5,CUST0088,63,Male,Chennai,2,Beauty,Face Serum,844.51,456.12,2,25.0,1689.02,422.26,1266.76,354.52,27.99,UPI,Social Media,0,2.2,0,2023-07,2023Q3,56-65
ORD100076,2023-12-13,2023-12-21,8,CUST0025,53,Female,Chennai,2,Books,Comic Set,359.26,166.4,3,10.0,1077.78,107.78,970.0,470.8,48.54,UPI,Email Campaign,1,5.0,0,2023-12,2023Q4,46-55
ORD100077,2023-11-14,2023-11-24,10,CUST0080,53,Male,Surat,3,Home & Kitchen,Mixer Grinder,3246.2,2069.78,1,10.0,3246.2,324.62,2921.58,851.8,29.16,Debit Card,Social Media,0,5.0,0,2023-11,2023Q4,46-55
ORD100078,2023-01-19,2023-01-24,5,CUST0050,32,Other,Pune,2,Home & Kitchen,Vacuum Cleaner,39268.4,2741.28,5,5.0,196342.0,9817.1,186524.9,172818.5,92.65,Debit Card,Paid Ads,1,4.2,0,2023-01,2023Q1,26-35
ORD100079,2023-05-15,2023-05-24,9,CUST0043,64,Male,Jaipur,3,Home & Kitchen,Bedsheet Set,989.74,598.02,1,20.0,989.74,197.95,791.79,193.77,24.47,Debit Card,Organic Search,1,4.8,0,2023-05,2023Q2,56-65
ORD100080,2024-04-25,2024-05-02,7,CUST0197,36,Female,Bangalore,1,Fashion,Handbag,1082.05,582.27,2,10.0,2164.1,216.41,1947.69,783.15,40.21,Net Banking,Social Media,1,3.7,0,2024-04,2024Q2,36-45
ORD100081,2023-04-16,2023-04-26,10,CUST0070,46,Female,Jaipur,3,Electronics,Earbuds,3083.91,1858.44,3,0.0,9251.73,0.0,9251.73,3676.41,39.74,UPI,Paid Ads,1,4.4,0,2023-04,2023Q2,46-55
ORD100082,2024-01-18,2024-01-22,4,CUST0026,63,Female,Hyderabad,2,Electronics,Bluetooth Speaker,1702.02,874.39,1,0.0,1702.02,0.0,1702.02,827.63,48.63,Credit Card,Social Media,0,2.8,0,2024-01,2024Q1,56-65
ORD100083,2023-03-23,2023-03-26,3,CUST0136,42,Male,Kolkata,2,Beauty,Moisturizer,353.55,210.52,3,10.0,1060.65,106.06,954.59,323.03,33.84,UPI,Email Campaign,1,3.6,0,2023-03,2023Q1,36-45
ORD100084,2023-01-17,2023-01-25,8,CUST0158,40,Male,Pune,2,Electronics,Earbuds,2191.51,1174.32,1,0.0,2191.51,0.0,2191.51,1017.19,46.42,UPI,Organic Search,1,4.7,0,2023-01,2023Q1,36-45
ORD100085,2024-02-04,2024-02-13,9,CUST0005,40,Female,Pune,2,Home & Kitchen,Cookware Set,1834.3,918.49,2,30.0,3668.6,1100.58,2568.02,731.04,28.47,UPI,Social Media,1,5.0,0,2024-02,2024Q1,36-45
ORD100086,2023-06-29,2023-07-08,9,CUST0035,22,Female,Hyderabad,2,Electronics,Smartwatch,10012.28,5770.55,1,10.0,10012.28,1001.23,9011.05,3240.5,35.96,UPI,Paid Ads,0,1.8,0,2023-06,2023Q2,18-25
ORD100087,2023-02-07,2023-02-16,9,CUST0168,39,Male,Chennai,2,Fashion,Handbag,2440.7,1121.65,1,20.0,2440.7,488.14,1952.56,830.91,42.55,UPI,Referral,0,3.9,0,2023-02,2023Q1,36-45
ORD100088,2024-06-15,2024-06-20,5,CUST0047,52,Male,Hyderabad,2,Electronics,Earbuds,2963.1,1690.42,2,0.0,5926.2,0.0,5926.2,2545.36,42.95,Credit Card,Social Media,1,3.8,0,2024-06,2024Q2,46-55
ORD100089,2023-12-28,2024-01-02,5,CUST0020,60,Female,Mumbai,1,Fashion,Sneakers,2995.93,1916.14,1,30.0,2995.93,898.78,2097.15,181.01,8.63,UPI,Organic Search,1,5.0,0,2023-12,2023Q4,56-65
ORD100090,2023-08-30,2023-09-06,7,CUST0040,61,Male,Delhi,1,Sports,Yoga Mat,916.13,418.19,1,25.0,916.13,229.03,687.1,268.91,39.14,UPI,Paid Ads,1,3.7,0,2023-08,2023Q3,56-65
ORD100091,2023-07-10,2023-07-14,4,CUST0181,46,Male,Mumbai,1,Fashion,Men T-Shirt,610.65,369.44,4,0.0,2442.6,0.0,2442.6,964.84,39.5,Credit Card,Organic Search,0,5.0,0,2023-07,2023Q3,46-55
ORD100092,2023-11-24,2023-12-04,10,CUST0041,63,Female,Surat,3,Electronics,Earbuds,1738.05,1091.96,1,10.0,1738.05,173.8,1564.25,472.29,30.19,Debit Card,Referral,0,2.9,0,2023-11,2023Q4,56-65
ORD100093,2024-01-13,2024-01-17,4,CUST0080,43,Other,Mumbai,1,Electronics,Earbuds,2969.89,1387.66,2,10.0,5939.78,593.98,5345.8,2570.48,48.08,Cash on Delivery,Organic Search,0,4.2,0,2024-01,2024Q1,36-45
ORD100094,2024-06-13,2024-06-18,5,CUST0197,26,Male,Chennai,2,Home & Kitchen,Vacuum Cleaner,3641.67,2066.86,3,10.0,10925.01,1092.5,9832.51,3631.93,36.94,UPI,Organic Search,0,1.7,1,2024-06,2024Q2,26-35
ORD100095,2024-06-15,2024-06-22,7,CUST0033,58,Male,Surat,3,Beauty,Hair Dryer,1784.31,999.51,1,10.0,1784.31,178.43,1605.88,606.37,37.76,Debit Card,Organic Search,1,3.7,0,2024-06,2024Q2,56-65
ORD100096,2023-02-12,2023-02-21,9,CUST0068,59,Male,Hyderabad,2,Beauty,Lipstick Set,631.89,381.79,1,25.0,631.89,157.97,473.92,92.13,19.44,UPI,Paid Ads,1,3.6,0,2023-02,2023Q1,56-65
ORD100097,2024-02-20,2024-02-27,7,CUST0119,31,Male,Jaipur,3,Fashion,Women Kurta,762.84,406.69,2,0.0,1525.68,0.0,1525.68,712.3,46.69,UPI,Paid Ads,1,4.9,0,2024-02,2024Q1,26-35
ORD100098,2023-11-23,2023-11-27,4,CUST0075,42,Female,Pune,2,Beauty,Lipstick Set,433.24,203.35,1,0.0,433.24,0.0,433.24,229.89,53.06,Debit Card,Referral,1,5.0,0,2023-11,2023Q4,36-45
ORD100099,2024-06-11,2024-06-17,6,CUST0130,47,Female,Chennai,2,Electronics,Smartphone,14982.64,9574.6,1,0.0,14982.64,0.0,14982.64,5408.04,36.1,Debit Card,Email Campaign,1,3.6,0,2024-06,2024Q2,46-55
ORD100100,2023-04-21,2023-04-25,4,CUST0012,43,Male,Mumbai,1,Home & Kitchen,Cookware Set,1094.66,580.88,1,5.0,1094.66,54.73,1039.93,459.05,44.14,UPI,Paid Ads,1,3.8,0,2023-04,2023Q2,36-45
ORD100101,2023-05-02,2023-05-06,4,CUST0094,27,Male,Kolkata,2,Sports,Cycle,17676.08,9152.98,1,15.0,17676.08,2651.41,15024.67,5871.69,39.08,UPI,Paid Ads,1,3.6,0,2023-05,2023Q2,26-35
ORD100102,2023-05-24,2023-05-31,7,CUST0077,55,Male,Jaipur,3,Fashion,Handbag,3294.11,1888.51,1,5.0,3294.11,164.71,3129.4,1240.89,39.65,UPI,Email Campaign,0,4.2,0,2023-05,2023Q2,46-55
ORD100103,2023-01-28,2023-02-04,7,CUST0148,32,Female,Pune,2,Beauty,Moisturizer,484.75,293.39,5,15.0,2423.75,363.56,2060.19,593.24,28.8,Credit Card,Email Campaign,1,3.1,0,2023-01,2023Q1,26-35
ORD100104,2023-04-23,2023-04-27,4,CUST0106,50,Female,Pune,2,Beauty,Face Serum,317.04,186.45,1,0.0,317.04,0.0,317.04,130.59,41.19,Credit Card,Organic Search,0,5.0,0,2023-04,2023Q2,46-55
ORD100105,2023-11-18,2023-11-22,4,CUST0185,61,Female,Pune,2,Fashion,Sneakers,1811.26,1059.9,2,10.0,3622.52,362.25,3260.27,1140.47,34.98,Credit Card,Social Media,0,3.8,0,2023-11,2023Q4,56-65
ORD100106,2023-08-01,2023-08-11,10,CUST0185,35,Male,Ahmedabad,3,Toys,Remote Car,1557.48,991.71,1,5.0,1557.48,77.87,1479.61,487.9,32.97,Debit Card,Paid Ads,1,4.3,0,2023-08,2023Q3,26-35
ORD100107,2023-03-22,2023-03-25,3,CUST0138,35,Female,Bangalore,1,Electronics,Bluetooth Speaker,2401.21,1183.31,2,15.0,4802.42,720.36,4082.06,1715.44,42.02,Debit Card,Organic Search,0,3.1,0,2023-03,2023Q1,26-35
ORD100108,2024-02-28,2024-03-02,3,CUST0141,28,Male,Mumbai,1,Home & Kitchen,Mixer Grinder,3293.4,1485.44,1,15.0,3293.4,494.01,2799.39,1313.95,46.94,UPI,Referral,0,5.0,0,2024-02,2024Q1,26-35
ORD100109,2023-08-26,2023-09-02,7,CUST0107,29,Female,Kolkata,2,Home & Kitchen,Air Fryer,4216.06,2674.22,3,0.0,12648.18,0.0,12648.18,4625.52,36.57,Net Banking,Social Media,1,5.0,0,2023-08,2023Q3,26-35
ORD100110,2023-04-20,2023-04-23,3,CUST0035,50,Male,Mumbai,1,Fashion,Men T-Shirt,470.74,258.33,5,5.0,2353.7,117.68,2236.02,944.37,42.23,Credit Card,Organic Search,1,2.7,0,2023-04,2023Q2,46-55
ORD100111,2023-07-17,2023-07-21,4,CUST0084,23,Male,Pune,2,Beauty,Hair Dryer,1455.34,779.39,2,5.0,2910.68,145.53,2765.15,1206.37,43.63,UPI,Organic Search,1,5.0,0,2023-07,2023Q3,18-25
ORD100112,2023-11-06,2023-11-15,9,CUST0016,60,Male,Surat,3,Fashion,Jeans,1612.04,948.77,1,10.0,1612.04,161.2,1450.84,502.07,34.61,UPI,Social Media,1,4.0,0,2023-11,2023Q4,56-65
ORD100113,2023-08-15,2023-08-19,4,CUST0096,44,Female,Hyderabad,2,Electronics,Laptop,39268.4,47339.65,1,5.0,39268.4,1963.42,37304.98,-10034.67,-26.9,Debit Card,Email Campaign,0,5.0,0,2023-08,2023Q3,36-45
ORD100114,2024-06-24,2024-07-02,8,CUST0130,30,Female,Pune,2,Home & Kitchen,Air Fryer,3085.35,1899.82,4,0.0,12341.4,0.0,12341.4,4742.12,38.42,UPI,Organic Search,1,4.0,0,2024-06,2024Q2,26-35
ORD100115,2023-02-26,2023-03-04,6,CUST0173,37,Female,Chennai,2,Electronics,Smartwatch,4187.5,2352.37,1,10.0,4187.5,418.75,3768.75,1416.38,37.58,UPI,Organic Search,1,5.0,0,2023-02,2023Q1,36-45
ORD100116,2023-03-12,2023-03-20,8,CUST0187,59,Female,Surat,3,Electronics,Bluetooth Speaker,1241.26,748.69,1,15.0,1241.26,186.19,1055.07,306.38,29.04,Credit Card,Paid Ads,1,5.0,0,2023-03,2023Q1,56-65
ORD100117,2023-12-23,2023-12-24,1,CUST0058,18,Female,Delhi,1,Toys,Puzzle,307.08,182.89,2,10.0,614.16,61.42,552.74,186.96,33.82,Credit Card,Paid Ads,0,4.2,0,2023-12,2023Q4,18-25
ORD100118,2023-04-26,2023-04-27,1,CUST0005,33,Male,Bangalore,1,Fashion,Women Kurta,1047.58,656.57,1,15.0,1047.58,157.14,890.44,233.87,26.26,UPI,Social Media,1,2.1,1,2023-04,2023Q2,26-35
ORD100119,2023-02-27,2023-03-05,6,CUST0082,54,Female,Ahmedabad,3,Electronics,Smartphone,15054.54,8977.07,1,20.0,15054.54,3010.91,12043.63,3066.56,25.46,Credit Card,Social Media,0,3.8,0,2023-02,2023Q1,46-55
ORD100120,2023-06-29,2023-07-07,8,CUST0165,60,Male,Pune,2,Fashion,Men T-Shirt,707.25,366.98,2,0.0,1414.5,0.0,1414.5,680.54,48.11,UPI,Organic Search,1,4.9,0,2023-06,2023Q2,56-65
ORD100121,2023-05-28,2023-06-06,9,CUST0136,26,Male,Hyderabad,2,Electronics,Smartphone,14482.35,7723.46,1,5.0,14482.35,724.12,13758.23,6034.77,43.86,UPI,Paid Ads,1,3.7,0,2023-05,2023Q2,26-35
ORD100122,2023-02-10,2023-02-17,7,CUST0056,48,Male,Bangalore,1,Sports,Yoga Mat,458.23,267.74,3,10.0,1374.69,137.47,1237.22,434.0,35.08,Debit Card,Organic Search,0,4.3,0,2023-02,2023Q1,46-55
ORD100123,2023-07-29,2023-08-06,8,CUST0137,59,Male,Surat,3,Beauty,Moisturizer,749.08,394.12,2,15.0,1498.16,224.72,1273.44,485.2,38.1,UPI,Referral,1,4.0,0,2023-07,2023Q3,56-65
ORD100124,2024-02-28,2024-03-02,3,CUST0150,55,Female,Hyderabad,2,Sports,Dumbbells Set,2037.55,1023.17,1,0.0,2037.55,0.0,2037.55,1014.38,49.78,UPI,Organic Search,1,2.8,0,2024-02,2024Q1,46-55
ORD100125,2024-05-15,2024-05-21,6,CUST0044,26,Female,Bangalore,1,Books,Textbook,685.02,417.17,1,0.0,685.02,0.0,685.02,267.85,39.1,Credit Card,Organic Search,1,5.0,0,2024-05,2024Q2,26-35
ORD100126,2024-02-27,2024-03-04,6,CUST0130,47,Male,Ahmedabad,3,Sports,Yoga Mat,1074.04,485.28,1,15.0,1074.04,161.11,912.93,427.65,46.84,Credit Card,Paid Ads,0,5.0,0,2024-02,2024Q1,46-55
ORD100127,2023-10-09,2023-10-14,5,CUST0046,24,Female,Mumbai,1,Home & Kitchen,Air Fryer,4932.44,2884.52,1,20.0,4932.44,986.49,3945.95,1061.43,26.9,Debit Card,Paid Ads,1,3.1,0,2023-10,2023Q4,18-25
ORD100128,2023-09-07,2023-09-15,8,CUST0167,20,Male,Chennai,2,Electronics,Earbuds,1409.81,818.74,2,20.0,2819.62,563.92,2255.7,618.22,27.41,UPI,Organic Search,1,3.6,1,2023-09,2023Q3,18-25
ORD100129,2023-04-08,2023-04-15,7,CUST0146,48,Male,Pune,2,Fashion,Jeans,1886.81,1110.31,1,25.0,1886.81,471.7,1415.11,304.8,21.54,Credit Card,Social Media,0,4.8,0,2023-04,2023Q2,46-55
ORD100130,2023-05-28,2023-06-08,11,CUST0145,42,Female,Surat,3,Sports,Yoga Mat,1056.55,538.69,3,25.0,3169.65,792.41,2377.24,761.17,32.02,Debit Card,Social Media,0,5.0,0,2023-05,2023Q2,36-45
ORD100131,2023-12-21,2023-12-24,3,CUST0158,56,Male,Pune,2,Beauty,Face Serum,387.92,221.52,1,0.0,387.92,0.0,387.92,166.4,42.9,Cash on Delivery,Paid Ads,0,1.0,0,2023-12,2023Q4,56-65
ORD100132,2023-03-29,2023-04-07,9,CUST0040,42,Female,Kolkata,2,Fashion,Handbag,2355.85,1098.79,3,15.0,7067.55,1060.13,6007.42,2711.05,45.13,UPI,Organic Search,0,4.9,0,2023-03,2023Q1,36-45
ORD100133,2023-03-31,2023-04-02,2,CUST0023,42,Female,Delhi,1,Fashion,Jeans,1203.37,566.38,2,10.0,2406.74,240.67,2166.07,1033.31,47.7,Debit Card,Paid Ads,1,5.0,1,2023-03,2023Q1,36-45
ORD100134,2023-09-06,2023-09-15,9,CUST0069,49,Male,Surat,3,Beauty,Lipstick Set,460.55,232.02,2,0.0,921.1,0.0,921.1,457.06,49.62,Cash on Delivery,Paid Ads,1,3.8,0,2023-09,2023Q3,46-55
ORD100135,2023-07-20,2023-07-26,6,CUST0159,42,Female,Pune,2,Beauty,Moisturizer,264.18,136.43,1,25.0,264.18,66.04,198.14,61.71,31.14,Credit Card,Referral,1,4.3,0,2023-07,2023Q3,36-45
ORD100136,2023-07-01,2023-07-07,6,CUST0148,33,Male,Chennai,2,Fashion,Women Kurta,1174.98,644.13,1,10.0,1174.98,117.5,1057.48,413.35,39.09,Cash on Delivery,Organic Search,1,4.9,0,2023-07,2023Q3,26-35
ORD100137,2024-04-17,2024-04-23,6,CUST0105,61,Male,Mumbai,1,Electronics,Smartwatch,4886.84,2266.67,3,20.0,14660.52,2932.1,11728.42,4928.41,42.02,Credit Card,Email Campaign,0,3.1,0,2024-04,2024Q2,56-65
ORD100138,2024-06-02,2024-06-11,9,CUST0138,56,Female,Pune,2,Toys,Doll Set,784.2,409.28,2,15.0,1568.4,235.26,1333.14,514.58,38.6,Credit Card,Social Media,1,5.0,0,2024-06,2024Q2,56-65
ORD100139,2023-12-06,2023-12-17,11,CUST0133,53,Female,Surat,3,Toys,Doll Set,601.32,332.01,1,0.0,601.32,0.0,601.32,269.31,44.79,UPI,Social Media,1,3.9,0,2023-12,2023Q4,46-55
ORD100140,2023-10-30,2023-11-05,6,CUST0090,37,Male,Chennai,2,Fashion,Men T-Shirt,852.33,508.01,1,20.0,852.33,170.47,681.86,173.85,25.5,UPI,Social Media,0,3.9,0,2023-10,2023Q4,36-45
ORD100141,2023-04-28,2023-05-03,5,CUST0190,33,Male,Jaipur,3,Electronics,Bluetooth Speaker,2303.93,1112.5,2,10.0,4607.86,460.79,4147.07,1922.07,46.35,UPI,Email Campaign,1,3.9,0,2023-04,2023Q2,26-35
ORD100142,2023-07-22,2023-07-28,6,CUST0193,63,Female,Hyderabad,2,Electronics,Earbuds,2398.95,1178.26,1,10.0,2398.95,239.9,2159.05,980.79,45.43,UPI,Paid Ads,1,3.3,0,2023-07,2023Q3,56-65
ORD100143,2023-11-17,2023-11-24,7,CUST0118,57,Male,Pune,2,Fashion,Sneakers,1655.01,861.26,1,0.0,1655.01,0.0,1655.01,793.75,47.96,UPI,Social Media,0,5.0,0,2023-11,2023Q4,56-65
ORD100144,2023-05-25,2023-05-30,5,CUST0125,58,Female,Delhi,1,Electronics,Bluetooth Speaker,1705.0,911.51,2,10.0,3410.0,341.0,3069.0,1245.98,40.6,Credit Card,Organic Search,0,4.7,0,2023-05,2023Q2,56-65
ORD100145,2024-01-03,2024-01-04,1,CUST0168,49,Male,Mumbai,1,Sports,Cycle,11299.92,6354.13,1,5.0,11299.92,565.0,10734.92,4380.79,40.81,Debit Card,Social Media,1,5.0,0,2024-01,2024Q1,46-55
ORD100146,2023-10-23,2023-10-25,2,CUST0131,25,Female,Bangalore,1,Electronics,Bluetooth Speaker,2214.96,1216.15,2,15.0,4429.92,664.49,3765.43,1333.13,35.4,Debit Card,Email Campaign,1,4.4,0,2023-10,2023Q4,18-25
ORD100147,2023-04-15,2023-04-25,10,CUST0116,34,Male,Surat,3,Fashion,Women Kurta,1064.06,691.49,3,0.0,3192.18,0.0,3192.18,1117.71,35.01,Net Banking,Organic Search,0,4.4,0,2023-04,2023Q2,26-35
ORD100148,2024-03-14,2024-03-20,6,CUST0146,40,Female,Jaipur,3,Home & Kitchen,Bedsheet Set,1301.0,795.03,3,20.0,3903.0,780.6,3122.4,737.31,23.61,Cash on Delivery,Social Media,1,3.4,0,2024-03,2024Q1,36-45
ORD100149,2024-02-26,2024-02-27,1,CUST0064,27,Female,Delhi,1,Home & Kitchen,Air Fryer,4977.46,3102.03,3,0.0,14932.38,0.0,14932.38,5626.29,37.68,Credit Card,Social Media,0,5.0,0,2024-02,2024Q1,26-35
ORD100150,2023-04-06,2023-04-10,4,CUST0125,38,Female,Mumbai,1,Fashion,Sneakers,1934.35,1013.24,1,25.0,1934.35,483.59,1450.76,437.52,30.16,Debit Card,Social Media,0,4.7,0,2023-04,2023Q2,36-45
ORD100151,2024-03-15,2024-03-24,9,CUST0148,26,Female,Hyderabad,2,Sports,Cycle,7754.07,4013.13,1,20.0,7754.07,1550.81,6203.26,2190.13,35.31,Debit Card,Organic Search,1,4.1,1,2024-03,2024Q1,26-35
ORD100152,2023-06-11,2023-06-19,8,CUST0034,59,Male,Surat,3,Fashion,Men T-Shirt,573.91,372.55,5,5.0,2869.55,143.48,2726.07,863.32,31.67,Debit Card,Organic Search,0,4.7,0,2023-06,2023Q2,56-65
ORD100153,2023-11-09,2023-11-17,8,CUST0001,31,Male,Hyderabad,2,Home & Kitchen,Air Fryer,4098.32,2421.04,1,10.0,4098.32,409.83,3688.49,1267.45,34.36,Net Banking,Social Media,1,3.1,1,2023-11,2023Q4,26-35
ORD100154,2024-05-04,2024-05-07,3,CUST0095,37,Male,Kolkata,2,Toys,Doll Set,460.26,216.62,1,20.0,460.26,92.05,368.21,151.59,41.17,UPI,Organic Search,0,4.7,0,2024-05,2024Q2,36-45
ORD100155,2023-08-07,2023-08-15,8,CUST0056,23,Female,Chennai,2,Electronics,Smartphone,18475.76,9948.77,4,10.0,73903.04,7390.3,66512.74,26717.66,40.17,Debit Card,Paid Ads,1,3.2,0,2023-08,2023Q3,18-25
ORD100156,2023-10-19,2023-10-26,7,CUST0053,51,Female,Bangalore,1,Electronics,Bluetooth Speaker,2423.66,1515.19,1,20.0,2423.66,484.73,1938.93,423.74,21.85,Credit Card,Email Campaign,1,4.1,0,2023-10,2023Q4,46-55
ORD100157,2023-03-14,2023-03-21,7,CUST0100,54,Male,Chennai,2,Fashion,Women Kurta,1110.98,570.26,1,5.0,1110.98,55.55,1055.43,485.17,45.97,UPI,Organic Search,1,3.0,0,2023-03,2023Q1,46-55
ORD100158,2023-03-03,2023-03-10,7,CUST0109,62,Male,Mumbai,1,Electronics,Smartphone,13571.65,8189.43,1,15.0,13571.65,2035.75,11535.9,3346.47,29.01,Cash on Delivery,Organic Search,0,3.7,0,2023-03,2023Q1,56-65
ORD100159,2024-02-05,2024-02-12,7,CUST0179,45,Female,Pune,2,Toys,Board Game,1097.72,508.49,3,10.0,3293.16,329.32,2963.84,1438.37,48.53,UPI,Paid Ads,0,1.7,1,2024-02,2024Q1,36-45
ORD100160,2023-05-21,2023-05-27,6,CUST0185,34,Male,Delhi,1,Fashion,Women Kurta,409.08,226.4,1,5.0,409.08,20.45,388.63,162.23,41.74,Credit Card,Email Campaign,1,4.8,0,2023-05,2023Q2,26-35
ORD100161,2023-09-27,2023-10-05,8,CUST0015,49,Female,Pune,2,Sports,Cricket Bat,24526.0,1354.22,2,5.0,49052.0,2452.6,46599.4,43890.96,94.19,Credit Card,Social Media,1,3.2,0,2023-09,2023Q3,46-55
ORD100162,2023-01-13,2023-01-15,2,CUST0010,53,Female,Mumbai,1,Beauty,Face Serum,341.38,165.84,1,25.0,341.38,85.34,256.04,90.2,35.23,UPI,Referral,0,4.8,0,2023-01,2023Q1,46-55
ORD100163,2024-05-29,2024-06-06,8,CUST0103,22,Female,Hyderabad,2,Sports,Cycle,16725.23,10809.23,1,20.0,16725.23,3345.05,13380.18,2570.95,19.21,UPI,Paid Ads,0,4.8,0,2024-05,2024Q2,18-25
ORD100164,2023-09-06,2023-09-14,8,CUST0188,52,Female,Ahmedabad,3,Fashion,Jeans,1115.58,675.12,5,30.0,5577.9,1673.37,3904.53,528.93,13.55,Net Banking,Paid Ads,1,1.0,1,2023-09,2023Q3,46-55
ORD100165,2024-01-21,2024-01-28,7,CUST0108,49,Female,Mumbai,1,Books,Textbook,742.85,480.34,1,0.0,742.85,0.0,742.85,262.51,35.34,Net Banking,Organic Search,0,2.8,1,2024-01,2024Q1,46-55
ORD100166,2023-03-28,2023-04-04,7,CUST0146,21,Male,Chennai,2,Fashion,Jeans,733.81,341.2,1,20.0,733.81,146.76,587.05,245.85,41.88,Debit Card,Email Campaign,0,2.8,0,2023-03,2023Q1,18-25
ORD100167,2023-08-28,2023-08-31,3,CUST0028,28,Male,Chennai,2,Beauty,Hair Dryer,1920.98,906.31,1,15.0,1920.98,288.15,1632.83,726.52,44.49,UPI,Paid Ads,1,2.9,0,2023-08,2023Q3,26-35
ORD100168,2023-11-08,2023-11-15,7,CUST0038,23,Female,Delhi,1,Sports,Yoga Mat,963.76,598.8,2,0.0,1927.52,0.0,1927.52,729.92,37.87,Credit Card,Email Campaign,0,3.6,0,2023-11,2023Q4,18-25
ORD100169,2023-09-13,2023-09-16,3,CUST0200,32,Male,Pune,2,Toys,Doll Set,623.43,282.03,3,0.0,1870.29,0.0,1870.29,1024.2,54.76,Credit Card,Social Media,0,4.1,0,2023-09,2023Q3,26-35
ORD100170,2023-07-22,2023-08-01,10,CUST0085,25,Male,Surat,3,Sports,Yoga Mat,754.75,464.83,1,25.0,754.75,188.69,566.06,101.23,17.88,Credit Card,Paid Ads,1,3.1,0,2023-07,2023Q3,18-25
ORD100171,2023-07-11,2023-07-16,5,CUST0063,59,Male,Hyderabad,2,Beauty,Perfume,987.69,566.77,4,0.0,3950.76,0.0,3950.76,1683.68,42.62,Credit Card,Organic Search,1,3.6,0,2023-07,2023Q3,56-65
ORD100172,2023-01-20,2023-01-24,4,CUST0145,50,Male,Bangalore,1,Books,Cookbook,690.96,377.91,1,10.0,690.96,69.1,621.86,243.95,39.23,Credit Card,Email Campaign,1,1.1,1,2023-01,2023Q1,46-55
ORD100173,2023-08-27,2023-08-31,4,CUST0189,21,Female,Pune,2,Sports,Running Shoes,1480.38,907.85,2,0.0,2960.76,0.0,2960.76,1145.06,38.67,Cash on Delivery,Referral,0,4.4,0,2023-08,2023Q3,18-25
ORD100174,2024-01-03,2024-01-10,7,CUST0145,30,Female,Pune,2,Electronics,Smartphone,8394.89,4723.98,2,25.0,16789.78,4197.44,12592.34,3144.38,24.97,Credit Card,Organic Search,0,5.0,0,2024-01,2024Q1,26-35
ORD100175,2023-01-01,2023-01-06,5,CUST0083,21,Male,Pune,2,Home & Kitchen,Air Fryer,4753.69,2820.78,1,0.0,4753.69,0.0,4753.69,1932.91,40.66,Cash on Delivery,Email Campaign,1,5.0,0,2023-01,2023Q1,18-25
ORD100176,2023-12-11,2023-12-16,5,CUST0164,49,Female,Pune,2,Fashion,Sneakers,1509.73,811.29,5,15.0,7548.65,1132.3,6416.35,2359.9,36.78,Credit Card,Email Campaign,1,5.0,0,2023-12,2023Q4,46-55
ORD100177,2023-10-29,2023-11-02,4,CUST0198,54,Male,Hyderabad,2,Home & Kitchen,Mixer Grinder,1944.27,1097.67,1,15.0,1944.27,291.64,1652.63,554.96,33.58,Cash on Delivery,Social Media,0,5.0,0,2023-10,2023Q4,46-55
ORD100178,2023-11-24,2023-11-26,2,CUST0187,39,Male,Bangalore,1,Electronics,Bluetooth Speaker,2027.04,1183.8,5,20.0,10135.2,2027.04,8108.16,2189.16,27.0,Credit Card,Organic Search,1,2.7,0,2023-11,2023Q4,36-45
ORD100179,2024-02-28,2024-03-07,8,CUST0148,59,Female,Surat,3,Fashion,Sneakers,2739.9,1687.12,1,5.0,2739.9,137.0,2602.9,915.78,35.18,Credit Card,Organic Search,1,4.2,1,2024-02,2024Q1,56-65
ORD100180,2024-01-20,2024-01-22,2,CUST0153,57,Female,Delhi,1,Electronics,Laptop,39268.4,29494.69,2,20.0,78536.8,15707.36,62829.44,3840.06,6.11,Credit Card,Paid Ads,0,4.1,0,2024-01,2024Q1,56-65
ORD100181,2023-09-29,2023-10-07,8,CUST0126,27,Male,Chennai,2,Fashion,Women Kurta,625.22,352.85,1,0.0,625.22,0.0,625.22,272.37,43.56,Credit Card,Organic Search,1,2.3,0,2023-09,2023Q3,26-35
ORD100182,2023-04-29,2023-05-04,5,CUST0165,52,Male,Chennai,2,Home & Kitchen,Air Fryer,4354.63,2190.38,1,20.0,4354.63,870.93,3483.7,1293.32,37.12,Credit Card,Paid Ads,1,3.7,1,2023-04,2023Q2,46-55
ORD100183,2023-04-10,2023-04-11,1,CUST0059,53,Male,Mumbai,1,Sports,Cycle,13685.84,8229.18,3,10.0,41057.52,4105.75,36951.77,12264.23,33.19,UPI,Referral,1,4.4,0,2023-04,2023Q2,46-55
ORD100184,2023-02-05,2023-02-10,5,CUST0038,25,Female,Mumbai,1,Electronics,Laptop,39268.4,36016.06,2,10.0,78536.8,7853.68,70683.12,-1349.0,-1.91,Credit Card,Organic Search,1,4.7,0,2023-02,2023Q1,18-25
ORD100185,2023-06-01,2023-06-08,7,CUST0023,42,Female,Bangalore,1,Electronics,Earbuds,2406.63,1471.58,1,15.0,2406.63,360.99,2045.64,574.06,28.06,Debit Card,Organic Search,1,5.0,0,2023-06,2023Q2,36-45
ORD100186,2023-06-03,2023-06-05,2,CUST0028,54,Female,Delhi,1,Home & Kitchen,Vacuum Cleaner,5832.97,2741.73,2,30.0,11665.94,3499.78,8166.16,2682.7,32.85,Debit Card,Organic Search,0,5.0,0,2023-06,2023Q2,46-55
ORD100187,2023-10-10,2023-10-14,4,CUST0085,62,Male,Mumbai,1,Home & Kitchen,Vacuum Cleaner,3719.26,1702.52,2,10.0,7438.52,743.85,6694.67,3289.63,49.14,UPI,Email Campaign,0,5.0,1,2023-10,2023Q4,56-65
ORD100188,2023-04-11,2023-04-22,11,CUST0083,35,Female,Jaipur,3,Fashion,Sneakers,1301.51,787.16,1,15.0,1301.51,195.23,1106.28,319.12,28.85,UPI,Paid Ads,0,2.0,0,2023-04,2023Q2,26-35
ORD100189,2023-06-12,2023-06-15,3,CUST0146,19,Male,Pune,2,Fashion,Men T-Shirt,486.67,301.86,2,0.0,973.34,0.0,973.34,369.62,37.97,UPI,Organic Search,0,2.6,1,2023-06,2023Q2,18-25
ORD100190,2024-06-01,2024-06-09,8,CUST0153,46,Male,Jaipur,3,Electronics,Laptop,39268.4,30731.87,1,0.0,39268.4,0.0,39268.4,8536.53,21.74,Debit Card,Email Campaign,0,3.9,0,2024-06,2024Q2,46-55
ORD100191,2023-02-20,2023-02-22,2,CUST0058,61,Male,Mumbai,1,Beauty,Hair Dryer,1795.35,887.39,3,0.0,5386.05,0.0,5386.05,2723.88,50.57,UPI,Social Media,0,4.3,0,2023-02,2023Q1,56-65
ORD100192,2023-01-09,2023-01-13,4,CUST0165,35,Male,Kolkata,2,Electronics,Smartphone,11533.47,7420.69,3,5.0,34600.41,1730.02,32870.39,10608.32,32.27,Net Banking,Social Media,1,3.8,0,2023-01,2023Q1,26-35
ORD100193,2024-01-19,2024-01-24,5,CUST0017,39,Other,Mumbai,1,Fashion,Men T-Shirt,688.41,324.67,2,0.0,1376.82,0.0,1376.82,727.48,52.84,Credit Card,Email Campaign,0,4.8,0,2024-01,2024Q1,36-45
ORD100194,2024-02-18,2024-02-28,10,CUST0076,34,Female,Jaipur,3,Electronics,Smartphone,12474.2,6854.26,1,0.0,12474.2,0.0,12474.2,5619.94,45.05,UPI,Email Campaign,1,5.0,0,2024-02,2024Q1,26-35
ORD100195,2024-05-02,2024-05-10,8,CUST0143,42,Male,Kolkata,2,Beauty,Lipstick Set,379.25,220.54,1,0.0,379.25,0.0,379.25,158.71,41.85,Cash on Delivery,Referral,1,5.0,0,2024-05,2024Q2,36-45
ORD100196,2023-08-17,2023-08-23,6,CUST0150,36,Male,Bangalore,1,Books,Fiction Novel,548.57,287.64,1,20.0,548.57,109.71,438.86,151.22,34.46,UPI,Social Media,1,2.1,1,2023-08,2023Q3,36-45
ORD100197,2024-01-26,2024-02-04,9,CUST0052,39,Male,Jaipur,3,Electronics,Bluetooth Speaker,1587.86,758.16,1,20.0,1587.86,317.57,1270.29,512.13,40.32,Debit Card,Social Media,1,5.0,0,2024-01,2024Q1,36-45
ORD100198,2023-03-01,2023-03-04,3,CUST0041,49,Female,Hyderabad,2,Home & Kitchen,Mixer Grinder,2630.13,1486.7,1,15.0,2630.13,394.52,2235.61,748.91,33.5,UPI,Paid Ads,0,2.9,0,2023-03,2023Q1,46-55
ORD100199,2024-01-18,2024-01-19,1,CUST0002,58,Female,Delhi,1,Electronics,Smartwatch,11028.06,5002.14,3,10.0,33084.18,3308.42,29775.76,14769.34,49.6,UPI,Paid Ads,1,4.8,0,2024-01,2024Q1,56-65
ORD100200,2023-10-25,2023-10-29,4,CUST0035,39,Other,Bangalore,1,Electronics,Bluetooth Speaker,2146.18,1346.93,2,5.0,4292.36,214.62,4077.74,1383.88,33.94,Credit Card,Email Campaign,1,4.7,0,2023-10,2023Q4,36-45
ORD100201,2023-01-23,2023-01-28,5,CUST0097,58,Male,Bangalore,1,Electronics,Smartphone,15064.87,9165.85,1,15.0,15064.87,2259.73,12805.14,3639.29,28.42,Debit Card,Organic Search,1,2.4,0,2023-01,2023Q1,56-65
ORD100202,2023-09-16,2023-09-20,4,CUST0108,60,Male,Delhi,1,Fashion,Sneakers,2344.11,1059.21,1,10.0,2344.11,234.41,2109.7,1050.49,49.79,UPI,Email Campaign,1,4.2,0,2023-09,2023Q3,56-65
ORD100203,2023-04-19,2023-04-23,4,CUST0052,40,Female,Delhi,1,Home & Kitchen,Bedsheet Set,758.24,420.54,1,0.0,758.24,0.0,758.24,337.7,44.54,UPI,Referral,1,2.0,1,2023-04,2023Q2,36-45
ORD100204,2024-05-20,2024-05-26,6,CUST0066,42,Male,Surat,3,Electronics,Bluetooth Speaker,2434.28,1447.7,3,0.0,7302.84,0.0,7302.84,2959.74,40.53,Credit Card,Organic Search,0,4.0,0,2024-05,2024Q2,36-45
ORD100205,2023-04-29,2023-05-02,3,CUST0166,28,Male,Chennai,2,Fashion,Jeans,1791.74,855.88,4,0.0,7166.96,0.0,7166.96,3743.44,52.23,UPI,Paid Ads,0,4.8,0,2023-04,2023Q2,26-35
ORD100206,2023-10-06,2023-10-17,11,CUST0043,25,Male,Surat,3,Electronics,Earbuds,1841.43,1067.6,3,15.0,5524.29,828.64,4695.65,1492.85,31.79,UPI,Referral,0,5.0,0,2023-10,2023Q4,18-25
ORD100207,2024-01-24,2024-01-31,7,CUST0034,48,Female,Delhi,1,Home & Kitchen,Vacuum Cleaner,4792.99,2960.66,1,10.0,4792.99,479.3,4313.69,1353.03,31.37,Debit Card,Paid Ads,1,3.6,0,2024-01,2024Q1,46-55
ORD100208,2023-08-18,2023-08-28,10,CUST0111,60,Female,Ahmedabad,3,Beauty,Lipstick Set,636.57,365.17,2,10.0,1273.14,127.31,1145.83,415.49,36.26,Net Banking,Email Campaign,1,5.0,0,2023-08,2023Q3,56-65
ORD100209,2023-06-10,2023-06-17,7,CUST0126,38,Male,Kolkata,2,Home & Kitchen,Air Fryer,4546.54,2114.02,3,20.0,13639.62,2727.92,10911.7,4569.64,41.88,UPI,Organic Search,0,1.8,0,2023-06,2023Q2,36-45
ORD100210,2024-05-25,2024-05-29,4,CUST0104,44,Male,Mumbai,1,Sports,Running Shoes,2084.97,945.65,5,15.0,10424.85,1563.73,8861.12,4132.87,46.64,Net Banking,Social Media,1,5.0,0,2024-05,2024Q2,36-45
ORD100211,2024-01-08,2024-01-19,11,CUST0159,56,Male,Surat,3,Home & Kitchen,Vacuum Cleaner,3271.38,1838.61,1,5.0,3271.38,163.57,3107.81,1269.2,40.84,UPI,Organic Search,0,4.7,0,2024-01,2024Q1,56-65
ORD100212,2024-01-18,2024-01-26,8,CUST0191,64,Male,Pune,2,Sports,Cricket Bat,802.01,492.73,4,5.0,3208.04,160.4,3047.64,1076.72,35.33,Net Banking,Organic Search,1,2.7,0,2024-01,2024Q1,56-65
ORD100213,2024-02-29,2024-03-01,1,CUST0116,47,Female,Delhi,1,Electronics,Laptop,39268.4,43336.47,3,10.0,117805.2,11780.52,106024.68,-23984.73,-22.62,Cash on Delivery,Organic Search,0,3.0,0,2024-02,2024Q1,46-55
ORD100214,2023-07-01,2023-07-11,10,CUST0154,56,Female,Surat,3,Sports,Running Shoes,28199.5,1487.47,2,0.0,56399.0,0.0,56399.0,53424.06,94.73,Credit Card,Email Campaign,1,4.4,0,2023-07,2023Q3,56-65
ORD100215,2023-05-17,2023-05-21,4,CUST0180,53,Female,Chennai,2,Toys,Remote Car,1119.12,570.51,2,15.0,2238.24,335.74,1902.5,761.48,40.03,Credit Card,Social Media,0,5.0,0,2023-05,2023Q2,46-55
ORD100216,2023-07-02,2023-07-11,9,CUST0144,48,Female,Surat,3,Fashion,Women Kurta,833.99,502.19,2,5.0,1667.98,83.4,1584.58,580.2,36.62,Net Banking,Paid Ads,0,5.0,0,2023-07,2023Q3,46-55
ORD100217,2023-01-26,2023-02-01,6,CUST0042,36,Female,Pune,2,Fashion,Men T-Shirt,387.2,232.33,2,0.0,774.4,0.0,774.4,309.74,40.0,UPI,Paid Ads,1,2.2,1,2023-01,2023Q1,36-45
ORD100218,2023-08-18,2023-08-28,10,CUST0179,36,Female,Jaipur,3,Fashion,Handbag,2441.36,1487.68,1,10.0,2441.36,244.14,2197.22,709.54,32.29,Cash on Delivery,Social Media,1,3.9,0,2023-08,2023Q3,36-45
ORD100219,2024-03-29,2024-04-05,7,CUST0151,52,Female,Bangalore,1,Electronics,Laptop,39268.4,21020.29,2,15.0,78536.8,11780.52,66756.28,24715.7,37.02,Credit Card,Referral,1,4.8,0,2024-03,2024Q1,46-55
ORD100220,2023-02-11,2023-02-15,4,CUST0002,39,Male,Delhi,1,Toys,Puzzle,367.47,227.54,1,0.0,367.47,0.0,367.47,139.93,38.08,UPI,Email Campaign,0,2.3,1,2023-02,2023Q1,36-45
ORD100221,2024-01-02,2024-01-05,3,CUST0018,50,Male,Chennai,2,Sports,Cricket Bat,2089.66,1017.19,1,0.0,2089.66,0.0,2089.66,1072.47,51.32,UPI,Social Media,1,3.9,0,2024-01,2024Q1,46-55
ORD100222,2023-01-10,2023-01-13,3,CUST0160,33,Female,Pune,2,Fashion,Handbag,2506.82,1435.76,1,25.0,2506.82,626.71,1880.11,444.35,23.63,UPI,Paid Ads,0,4.3,0,2023-01,2023Q1,26-35
ORD100223,2024-01-19,2024-01-28,9,CUST0050,38,Male,Jaipur,3,Fashion,Handbag,2908.45,1831.32,1,0.0,2908.45,0.0,2908.45,1077.13,37.03,Credit Card,Organic Search,0,3.4,0,2024-01,2024Q1,36-45
ORD100224,2024-03-10,2024-03-21,11,CUST0199,45,Female,Jaipur,3,Beauty,Perfume,618.25,398.92,2,15.0,1236.5,185.48,1051.02,253.18,24.09,Credit Card,Paid Ads,0,4.7,0,2024-03,2024Q1,36-45
ORD100225,2023-08-22,2023-08-27,5,CUST0100,61,Male,Pune,2,Electronics,Laptop,39268.4,24813.78,1,5.0,39268.4,1963.42,37304.98,12491.2,33.48,Net Banking,Organic Search,1,4.7,0,2023-08,2023Q3,56-65
ORD100226,2023-11-05,2023-11-10,5,CUST0170,19,Male,Delhi,1,Fashion,Handbag,759.52,401.8,3,5.0,2278.56,113.93,2164.63,959.23,44.31,Cash on Delivery,Paid Ads,1,2.9,0,2023-11,2023Q4,18-25
ORD100227,2023-01-12,2023-01-21,9,CUST0101,52,Female,Surat,3,Electronics,Laptop,39268.4,39159.3,1,0.0,39268.4,0.0,39268.4,109.1,0.28,Cash on Delivery,Organic Search,1,3.2,0,2023-01,2023Q1,46-55
ORD100228,2023-08-15,2023-08-20,5,CUST0014,53,Male,Delhi,1,Sports,Dumbbells Set,2636.45,1608.06,1,0.0,2636.45,0.0,2636.45,1028.39,39.01,UPI,Social Media,1,3.7,0,2023-08,2023Q3,46-55
ORD100229,2023-08-29,2023-09-01,3,CUST0085,57,Female,Kolkata,2,Fashion,Women Kurta,628.11,343.68,1,0.0,628.11,0.0,628.11,284.43,45.28,Credit Card,Referral,0,3.1,0,2023-08,2023Q3,56-65
ORD100230,2024-03-22,2024-03-29,7,CUST0119,46,Male,Ahmedabad,3,Fashion,Women Kurta,1072.09,670.68,1,15.0,1072.09,160.81,911.28,240.6,26.4,Net Banking,Email Campaign,1,3.7,0,2024-03,2024Q1,46-55
ORD100231,2023-03-20,2023-03-26,6,CUST0149,55,Male,Delhi,1,Electronics,Smartwatch,3678.6,1678.32,1,10.0,3678.6,367.86,3310.74,1632.42,49.31,UPI,Referral,1,5.0,0,2023-03,2023Q1,46-55
ORD100232,2023-10-25,2023-10-29,4,CUST0170,33,Female,Hyderabad,2,Sports,Cricket Bat,1482.93,816.25,2,5.0,2965.86,148.29,2817.57,1185.07,42.06,Credit Card,Paid Ads,0,3.7,0,2023-10,2023Q4,26-35
ORD100233,2024-05-10,2024-05-17,7,CUST0060,42,Female,Ahmedabad,3,Books,Self-Help Book,268.19,134.87,3,0.0,804.57,0.0,804.57,399.96,49.71,Credit Card,Email Campaign,1,4.9,0,2024-05,2024Q2,36-45
ORD100234,2024-06-17,2024-06-27,10,CUST0045,42,Female,Ahmedabad,3,Home & Kitchen,Air Fryer,4488.94,2508.73,3,0.0,13466.82,0.0,13466.82,5940.63,44.11,Cash on Delivery,Paid Ads,1,5.0,0,2024-06,2024Q2,36-45
ORD100235,2023-12-20,2023-12-28,8,CUST0113,28,Male,Jaipur,3,Home & Kitchen,Bedsheet Set,1530.45,958.68,4,0.0,6121.8,0.0,6121.8,2287.08,37.36,Net Banking,Social Media,1,3.7,0,2023-12,2023Q4,26-35
ORD100236,2023-04-27,2023-05-05,8,CUST0106,19,Male,Jaipur,3,Beauty,Moisturizer,605.14,350.65,1,10.0,605.14,60.51,544.63,193.98,35.62,Credit Card,Email Campaign,1,3.7,0,2023-04,2023Q2,18-25
ORD100237,2024-02-20,2024-02-27,7,CUST0073,23,Male,Pune,2,Electronics,Smartphone,21569.41,12846.63,2,20.0,43138.82,8627.76,34511.06,8817.8,25.55,Credit Card,Paid Ads,0,4.0,0,2024-02,2024Q1,18-25
ORD100238,2024-06-07,2024-06-12,5,CUST0018,32,Male,Kolkata,2,Home & Kitchen,Mixer Grinder,1919.3,1092.67,2,25.0,3838.6,959.65,2878.95,693.61,24.09,UPI,Email Campaign,1,1.0,0,2024-06,2024Q2,26-35
ORD100239,2024-06-28,2024-07-05,7,CUST0139,18,Female,Pune,2,Electronics,Smartwatch,9771.45,6159.89,1,10.0,9771.45,977.14,8794.31,2634.42,29.96,UPI,Organic Search,0,4.0,0,2024-06,2024Q2,18-25
ORD100240,2024-01-26,2024-02-02,7,CUST0026,45,Male,Ahmedabad,3,Electronics,Earbuds,2390.43,1408.78,2,15.0,4780.86,717.13,4063.73,1246.17,30.67,UPI,Email Campaign,1,3.3,0,2024-01,2024Q1,36-45
ORD100241,2023-05-01,2023-05-08,7,CUST0093,24,Male,Pune,2,Electronics,Bluetooth Speaker,1209.35,620.61,2,10.0,2418.7,241.87,2176.83,935.61,42.98,Credit Card,Paid Ads,0,4.3,0,2023-05,2023Q2,18-25
ORD100242,2024-05-09,2024-05-13,4,CUST0089,63,Male,Chennai,2,Beauty,Perfume,1177.45,602.07,2,0.0,2354.9,0.0,2354.9,1150.76,48.87,Cash on Delivery,Email Campaign,1,4.7,0,2024-05,2024Q2,56-65
ORD100243,2023-12-13,2023-12-22,9,CUST0163,18,Female,Chennai,2,Electronics,Smartwatch,7955.19,3835.58,2,15.0,15910.38,2386.56,13523.82,5852.66,43.28,UPI,Organic Search,0,4.1,0,2023-12,2023Q4,18-25
ORD100244,2024-02-15,2024-02-24,9,CUST0199,29,Female,Surat,3,Home & Kitchen,Vacuum Cleaner,6280.88,2898.58,1,30.0,6280.88,1884.26,4396.62,1498.04,34.07,Credit Card,Organic Search,1,3.1,0,2024-02,2024Q1,26-35
ORD100245,2023-06-23,2023-07-01,8,CUST0071,43,Male,Kolkata,2,Home & Kitchen,Cookware Set,879.33,423.39,1,0.0,879.33,0.0,879.33,455.94,51.85,Credit Card,Organic Search,1,4.0,0,2023-06,2023Q2,36-45
ORD100246,2023-12-23,2023-12-30,7,CUST0104,54,Male,Surat,3,Fashion,Handbag,3389.86,1657.32,1,10.0,3389.86,338.99,3050.87,1393.55,45.68,Credit Card,Paid Ads,1,4.0,0,2023-12,2023Q4,46-55
ORD100247,2023-09-14,2023-09-24,10,CUST0087,47,Female,Jaipur,3,Home & Kitchen,Bedsheet Set,1075.6,536.35,1,5.0,1075.6,53.78,1021.82,485.47,47.51,Debit Card,Paid Ads,0,5.0,0,2023-09,2023Q3,46-55
ORD100248,2024-02-27,2024-03-05,7,CUST0024,43,Female,Jaipur,3,Electronics,Smartphone,15231.06,7610.22,1,20.0,15231.06,3046.21,12184.85,4574.63,37.54,Net Banking,Paid Ads,0,2.3,1,2024-02,2024Q1,36-45
ORD100249,2023-07-24,2023-07-28,4,CUST0064,57,Male,Chennai,2,Fashion,Women Kurta,988.34,484.83,4,0.0,3953.36,0.0,3953.36,2014.04,50.95,Credit Card,Paid Ads,0,2.7,0,2023-07,2023Q3,56-65
ORD100250,2024-01-16,2024-01-25,9,CUST0071,49,Male,Jaipur,3,Sports,Yoga Mat,652.33,368.5,4,20.0,2609.32,521.86,2087.46,613.46,29.39,UPI,Organic Search,0,3.9,0,2024-01,2024Q1,46-55
ORD100251,2023-12-22,2023-12-26,4,CUST0133,47,Male,Mumbai,1,Fashion,Handbag,3081.2,1460.72,3,5.0,9243.6,462.18,8781.42,4399.26,50.1,Net Banking,Paid Ads,1,4.9,0,2023-12,2023Q4,46-55
ORD100252,2024-04-27,2024-05-02,5,CUST0193,41,Male,Bangalore,1,Electronics,Laptop,39268.4,24256.36,1,5.0,39268.4,1963.42,37304.98,13048.62,34.98,Net Banking,Social Media,1,4.1,0,2024-04,2024Q2,36-45
ORD100253,2024-01-26,2024-01-30,4,CUST0046,44,Male,Pune,2,Beauty,Perfume,706.27,431.63,5,0.0,3531.35,0.0,3531.35,1373.2,38.89,UPI,Email Campaign,0,5.0,0,2024-01,2024Q1,36-45
ORD100254,2023-04-12,2023-04-18,6,CUST0025,46,Female,Mumbai,1,Home & Kitchen,Cookware Set,1159.35,716.24,1,0.0,1159.35,0.0,1159.35,443.11,38.22,UPI,Paid Ads,1,4.0,0,2023-04,2023Q2,46-55
ORD100255,2023-06-28,2023-07-05,7,CUST0115,23,Male,Delhi,1,Fashion,Handbag,1353.83,819.0,1,10.0,1353.83,135.38,1218.45,399.45,32.78,UPI,Email Campaign,1,3.7,0,2023-06,2023Q2,18-25
ORD100256,2023-03-15,2023-03-18,3,CUST0069,56,Female,Chennai,2,Home & Kitchen,Cookware Set,1156.4,587.76,1,5.0,1156.4,57.82,1098.58,510.82,46.5,Cash on Delivery,Social Media,1,4.3,0,2023-03,2023Q1,56-65
ORD100257,2023-05-09,2023-05-19,10,CUST0054,28,Male,Jaipur,3,Fashion,Women Kurta,587.7,352.59,1,15.0,587.7,88.16,499.54,146.95,29.42,UPI,Email Campaign,1,5.0,0,2023-05,2023Q2,26-35
ORD100258,2023-06-09,2023-06-10,1,CUST0073,46,Female,Bangalore,1,Toys,Lego Set,1844.18,921.13,4,5.0,7376.72,368.84,7007.88,3323.36,47.42,UPI,Email Campaign,1,4.6,0,2023-06,2023Q2,46-55
ORD100259,2024-03-31,2024-04-06,6,CUST0162,65,Female,Surat,3,Home & Kitchen,Cookware Set,2932.99,1670.39,2,0.0,5865.98,0.0,5865.98,2525.2,43.05,UPI,Paid Ads,1,4.1,0,2024-03,2024Q1,56-65
ORD100260,2024-02-27,2024-03-03,5,CUST0035,40,Male,Hyderabad,2,Sports,Running Shoes,1636.01,984.32,1,10.0,1636.01,163.6,1472.41,488.09,33.15,Debit Card,Organic Search,1,5.0,0,2024-02,2024Q1,36-45
ORD100261,2023-01-08,2023-01-13,5,CUST0042,63,Female,Bangalore,1,Sports,Cycle,9857.37,5214.06,1,10.0,9857.37,985.74,8871.63,3657.57,41.23,Debit Card,Organic Search,1,3.8,0,2023-01,2023Q1,56-65
ORD100262,2024-06-28,2024-07-05,7,CUST0029,58,Male,Bangalore,1,Books,Textbook,461.29,220.19,1,0.0,461.29,0.0,461.29,241.1,52.27,Cash on Delivery,Organic Search,1,5.0,0,2024-06,2024Q2,56-65
ORD100263,2023-05-09,2023-05-15,6,CUST0056,39,Male,Bangalore,1,Electronics,Bluetooth Speaker,1769.94,801.69,1,0.0,1769.94,0.0,1769.94,968.25,54.71,Credit Card,Organic Search,0,3.9,0,2023-05,2023Q2,36-45
ORD100264,2024-02-06,2024-02-07,1,CUST0098,18,Male,Mumbai,1,Beauty,Perfume,1540.7,770.37,1,20.0,1540.7,308.14,1232.56,462.19,37.5,Credit Card,Social Media,0,3.2,0,2024-02,2024Q1,18-25
ORD100265,2023-08-02,2023-08-08,6,CUST0187,20,Female,Pune,2,Fashion,Men T-Shirt,533.47,256.98,5,25.0,2667.35,666.84,2000.51,715.61,35.77,Credit Card,Paid Ads,1,3.0,0,2023-08,2023Q3,18-25
ORD100266,2024-03-20,2024-03-23,3,CUST0063,18,Female,Bangalore,1,Beauty,Face Serum,313.56,165.92,3,10.0,940.68,94.07,846.61,348.85,41.21,Credit Card,Email Campaign,1,5.0,0,2024-03,2024Q1,18-25
ORD100267,2023-03-03,2023-03-06,3,CUST0125,32,Male,Hyderabad,2,Home & Kitchen,Cookware Set,1582.14,745.94,1,10.0,1582.14,158.21,1423.93,677.99,47.61,Credit Card,Social Media,1,3.9,0,2023-03,2023Q1,26-35
ORD100268,2023-02-10,2023-02-14,4,CUST0146,29,Female,Bangalore,1,Fashion,Women Kurta,965.3,529.0,2,10.0,1930.6,193.06,1737.54,679.54,39.11,Credit Card,Email Campaign,1,4.3,0,2023-02,2023Q1,26-35
ORD100269,2023-09-27,2023-10-02,5,CUST0048,19,Female,Bangalore,1,Home & Kitchen,Vacuum Cleaner,4835.56,2542.58,1,10.0,4835.56,483.56,4352.0,1809.42,41.58,Net Banking,Referral,1,3.9,0,2023-09,2023Q3,18-25
ORD100270,2023-06-07,2023-06-16,9,CUST0169,22,Male,Ahmedabad,3,Electronics,Earbuds,1564.45,734.12,1,5.0,1564.45,78.22,1486.23,752.11,50.61,Credit Card,Organic Search,0,2.6,0,2023-06,2023Q2,18-25
ORD100271,2024-06-22,2024-06-29,7,CUST0019,18,Female,Kolkata,2,Home & Kitchen,Vacuum Cleaner,6506.57,3716.49,1,5.0,6506.57,325.33,6181.24,2464.75,39.87,Credit Card,Email Campaign,1,4.3,0,2024-06,2024Q2,18-25
ORD100272,2023-03-01,2023-03-12,11,CUST0020,31,Female,Jaipur,3,Home & Kitchen,Vacuum Cleaner,6084.67,3753.58,2,15.0,12169.34,1825.4,10343.94,2836.78,27.42,Credit Card,Paid Ads,1,5.0,0,2023-03,2023Q1,26-35
ORD100273,2024-03-01,2024-03-09,8,CUST0171,45,Female,Pune,2,Home & Kitchen,Mixer Grinder,1763.79,955.52,2,5.0,3527.58,176.38,3351.2,1440.16,42.97,Cash on Delivery,Organic Search,1,2.9,0,2024-03,2024Q1,36-45
ORD100274,2023-11-29,2023-12-10,11,CUST0156,33,Female,Surat,3,Fashion,Jeans,1120.41,666.84,3,5.0,3361.23,168.06,3193.17,1192.65,37.35,UPI,Referral,1,5.0,0,2023-11,2023Q4,26-35
ORD100275,2023-01-17,2023-01-26,9,CUST0055,38,Male,Surat,3,Fashion,Men T-Shirt,381.05,246.49,4,0.0,1524.2,0.0,1524.2,538.24,35.31,Cash on Delivery,Social Media,0,4.8,0,2023-01,2023Q1,36-45
ORD100276,2023-06-09,2023-06-13,4,CUST0077,23,Female,Chennai,2,Electronics,Bluetooth Speaker,1544.48,774.17,4,0.0,6177.92,0.0,6177.92,3081.24,49.88,UPI,Paid Ads,1,2.7,0,2023-06,2023Q2,18-25
ORD100277,2023-04-08,2023-04-17,9,CUST0200,21,Female,Jaipur,3,Books,Cookbook,621.13,326.91,1,20.0,621.13,124.23,496.9,169.99,34.21,Debit Card,Organic Search,1,4.9,0,2023-04,2023Q2,18-25
ORD100278,2024-01-27,2024-02-01,5,CUST0129,62,Male,Surat,3,Beauty,Lipstick Set,352.39,169.12,1,10.0,352.39,35.24,317.15,148.03,46.68,UPI,Social Media,1,4.9,0,2024-01,2024Q1,56-65
ORD100279,2023-06-01,2023-06-07,6,CUST0068,23,Male,Ahmedabad,3,Electronics,Laptop,39268.4,25254.76,1,15.0,39268.4,5890.26,33378.14,8123.38,24.34,UPI,Organic Search,1,5.0,0,2023-06,2023Q2,18-25
ORD100280,2024-06-20,2024-06-24,4,CUST0148,23,Male,Kolkata,2,Home & Kitchen,Cookware Set,1333.09,782.45,1,5.0,1333.09,66.65,1266.44,483.99,38.22,Debit Card,Social Media,1,3.8,0,2024-06,2024Q2,18-25
ORD100281,2024-03-28,2024-04-04,7,CUST0096,27,Female,Kolkata,2,Electronics,Laptop,36561.83,17912.99,1,10.0,36561.83,3656.18,32905.65,14992.66,45.56,Net Banking,Referral,0,2.6,0,2024-03,2024Q1,26-35
ORD100282,2023-04-24,2023-04-29,5,CUST0053,52,Female,Hyderabad,2,Sports,Yoga Mat,760.05,423.8,1,10.0,760.05,76.0,684.05,260.25,38.05,Credit Card,Social Media,1,4.2,0,2023-04,2023Q2,46-55
ORD100283,2023-06-24,2023-06-25,1,CUST0168,18,Male,Mumbai,1,Home & Kitchen,Cookware Set,1424.83,656.3,3,10.0,4274.49,427.45,3847.04,1878.14,48.82,Credit Card,Organic Search,0,5.0,0,2023-06,2023Q2,18-25
ORD100284,2024-01-25,2024-01-30,5,CUST0137,23,Male,Bangalore,1,Books,Comic Set,491.81,306.57,1,5.0,491.81,24.59,467.22,160.65,34.38,UPI,Organic Search,1,4.3,1,2024-01,2024Q1,18-25
ORD100285,2023-01-19,2023-01-26,7,CUST0129,35,Female,Ahmedabad,3,Fashion,Sneakers,2305.48,1496.72,1,5.0,2305.48,115.27,2190.21,693.49,31.66,UPI,Organic Search,0,5.0,0,2023-01,2023Q1,26-35
ORD100286,2024-02-07,2024-02-15,8,CUST0161,61,Male,Hyderabad,2,Fashion,Women Kurta,509.81,298.54,2,10.0,1019.62,101.96,917.66,320.58,34.93,UPI,Paid Ads,1,3.4,0,2024-02,2024Q1,56-65
ORD100287,2023-07-27,2023-08-05,9,CUST0111,27,Female,Pune,2,Electronics,Smartphone,9933.53,6277.12,2,20.0,19867.06,3973.41,15893.65,3339.41,21.01,Credit Card,Social Media,1,2.7,0,2023-07,2023Q3,26-35
ORD100288,2023-11-23,2023-12-01,8,CUST0164,65,Male,Ahmedabad,3,Sports,Dumbbells Set,2914.63,1790.57,1,15.0,2914.63,437.19,2477.44,686.87,27.72,Credit Card,Social Media,0,2.7,0,2023-11,2023Q4,56-65
ORD100289,2023-08-25,2023-09-02,8,CUST0155,48,Female,Pune,2,Home & Kitchen,Mixer Grinder,1565.21,746.32,1,15.0,1565.21,234.78,1330.43,584.11,43.9,Credit Card,Organic Search,1,5.0,0,2023-08,2023Q3,46-55
ORD100290,2024-02-27,2024-03-04,6,CUST0113,57,Male,Surat,3,Beauty,Face Serum,968.13,448.46,5,15.0,4840.65,726.1,4114.55,1872.25,45.5,Debit Card,Organic Search,1,3.8,0,2024-02,2024Q1,56-65
ORD100291,2024-06-21,2024-06-29,8,CUST0011,33,Male,Hyderabad,2,Fashion,Jeans,1826.1,986.68,3,10.0,5478.3,547.83,4930.47,1970.43,39.96,Credit Card,Social Media,1,5.0,0,2024-06,2024Q2,26-35
ORD100292,2023-10-20,2023-10-28,8,CUST0037,47,Female,Jaipur,3,Fashion,Sneakers,1166.27,685.76,1,25.0,1166.27,291.57,874.7,188.94,21.6,Debit Card,Referral,1,4.7,0,2023-10,2023Q4,46-55
ORD100293,2023-01-26,2023-01-30,4,CUST0024,34,Male,Hyderabad,2,Electronics,Earbuds,2024.94,1268.64,4,20.0,8099.76,1619.95,6479.81,1405.25,21.69,Debit Card,Organic Search,0,4.7,0,2023-01,2023Q1,26-35
ORD100294,2024-01-29,2024-02-06,8,CUST0098,20,Female,Pune,2,Home & Kitchen,Air Fryer,4373.2,2299.15,2,25.0,8746.4,2186.6,6559.8,1961.5,29.9,Credit Card,Email Campaign,0,4.1,0,2024-01,2024Q1,18-25
ORD100295,2024-04-01,2024-04-06,5,CUST0160,34,Male,Hyderabad,2,Beauty,Moisturizer,575.87,282.5,1,0.0,575.87,0.0,575.87,293.37,50.94,Credit Card,Paid Ads,1,4.2,0,2024-04,2024Q2,26-35
ORD100296,2023-03-23,2023-03-30,7,CUST0143,31,Male,Chennai,2,Beauty,Moisturizer,560.06,321.45,1,10.0,560.06,56.01,504.05,182.6,36.23,Net Banking,Social Media,1,4.6,0,2023-03,2023Q1,26-35
ORD100297,2024-03-02,2024-03-04,2,CUST0147,53,Male,Mumbai,1,Fashion,Men T-Shirt,396.8,234.1,1,10.0,396.8,39.68,357.12,123.02,34.45,UPI,Organic Search,1,4.3,0,2024-03,2024Q1,46-55
ORD100298,2023-03-08,2023-03-15,7,CUST0106,51,Male,Ahmedabad,3,Fashion,Men T-Shirt,582.49,300.47,1,20.0,582.49,116.5,465.99,165.52,35.52,Debit Card,Organic Search,1,2.1,0,2023-03,2023Q1,46-55
ORD100299,2023-11-21,2023-11-26,5,CUST0145,49,Male,Chennai,2,Home & Kitchen,Bedsheet Set,1183.01,563.04,5,5.0,5915.05,295.75,5619.3,2804.1,49.9,Cash on Delivery,Social Media,0,3.7,0,2023-11,2023Q4,46-55
ORD100300,2023-05-01,2023-05-09,8,CUST0086,40,Female,Chennai,2,Electronics,Bluetooth Speaker,2302.49,1226.79,3,30.0,6907.47,2072.24,4835.23,1154.86,23.88,UPI,Email Campaign,0,1.0,1,2023-05,2023Q2,36-45
ORD100301,2023-04-27,2023-05-07,10,CUST0045,30,Male,Ahmedabad,3,Home & Kitchen,Bedsheet Set,933.27,599.18,1,10.0,933.27,93.33,839.94,240.76,28.66,UPI,Social Media,1,5.0,0,2023-04,2023Q2,26-35
ORD100302,2024-04-18,2024-04-29,11,CUST0145,64,Female,Jaipur,3,Home & Kitchen,Cookware Set,2591.17,1436.06,4,10.0,10364.68,1036.47,9328.21,3583.97,38.42,Debit Card,Referral,1,1.1,1,2024-04,2024Q2,56-65
ORD100303,2023-02-01,2023-02-04,3,CUST0100,29,Female,Bangalore,1,Electronics,Smartphone,21770.66,12282.93,2,20.0,43541.32,8708.26,34833.06,10267.2,29.48,UPI,Organic Search,0,5.0,0,2023-02,2023Q1,26-35
ORD100304,2023-11-06,2023-11-10,4,CUST0052,23,Male,Hyderabad,2,Home & Kitchen,Mixer Grinder,2812.75,1286.77,1,5.0,2812.75,140.64,2672.11,1385.34,51.84,Debit Card,Referral,1,4.0,0,2023-11,2023Q4,18-25
ORD100305,2023-04-11,2023-04-18,7,CUST0010,47,Male,Delhi,1,Home & Kitchen,Bedsheet Set,1776.96,872.55,2,30.0,3553.92,1066.18,2487.74,742.64,29.85,Net Banking,Email Campaign,0,2.8,1,2023-04,2023Q2,46-55
ORD100306,2023-11-16,2023-11-17,1,CUST0050,36,Male,Delhi,1,Fashion,Men T-Shirt,646.54,332.44,1,20.0,646.54,129.31,517.23,184.79,35.73,Credit Card,Organic Search,1,3.7,0,2023-11,2023Q4,36-45
ORD100307,2023-12-25,2023-12-30,5,CUST0063,28,Male,Delhi,1,Home & Kitchen,Cookware Set,1500.67,760.32,1,15.0,1500.67,225.1,1275.57,515.25,40.39,Debit Card,Paid Ads,0,4.0,0,2023-12,2023Q4,26-35
ORD100308,2024-02-06,2024-02-08,2,CUST0115,57,Male,Mumbai,1,Electronics,Bluetooth Speaker,2116.08,1244.31,4,10.0,8464.32,846.43,7617.89,2640.65,34.66,Cash on Delivery,Organic Search,1,3.2,0,2024-02,2024Q1,56-65
ORD100309,2024-04-24,2024-04-25,1,CUST0060,32,Male,Delhi,1,Beauty,Lipstick Set,427.79,232.32,2,15.0,855.58,128.34,727.24,262.6,36.11,UPI,Referral,0,3.9,0,2024-04,2024Q2,26-35
ORD100310,2023-01-31,2023-02-03,3,CUST0197,40,Female,Chennai,2,Sports,Cricket Bat,1503.14,727.76,1,5.0,1503.14,75.16,1427.98,700.22,49.04,UPI,Paid Ads,1,3.3,0,2023-01,2023Q1,36-45
ORD100311,2024-02-28,2024-03-03,4,CUST0088,31,Female,Chennai,2,Sports,Cycle,13071.37,6885.52,2,30.0,26142.74,7842.82,18299.92,4528.88,24.75,Credit Card,Paid Ads,1,4.9,0,2024-02,2024Q1,26-35
ORD100312,2024-05-13,2024-05-18,5,CUST0046,37,Female,Ahmedabad,3,Beauty,Face Serum,832.95,511.77,1,10.0,832.95,83.3,749.65,237.88,31.73,UPI,Paid Ads,1,3.3,0,2024-05,2024Q2,36-45
ORD100313,2023-05-23,2023-05-28,5,CUST0039,46,Female,Bangalore,1,Beauty,Face Serum,1112.93,533.48,2,0.0,2225.86,0.0,2225.86,1158.9,52.07,UPI,Paid Ads,1,3.8,0,2023-05,2023Q2,46-55
ORD100314,2024-03-21,2024-03-31,10,CUST0131,43,Female,Surat,3,Books,Textbook,889.55,401.74,1,0.0,889.55,0.0,889.55,487.81,54.84,Cash on Delivery,Social Media,0,2.3,1,2024-03,2024Q1,36-45
ORD100315,2023-08-29,2023-09-06,8,CUST0098,45,Female,Jaipur,3,Electronics,Laptop,39268.4,32435.96,1,5.0,39268.4,1963.42,37304.98,4869.02,13.05,Net Banking,Referral,0,3.8,0,2023-08,2023Q3,36-45
ORD100316,2023-03-15,2023-03-21,6,CUST0035,23,Male,Delhi,1,Electronics,Smartphone,8219.91,4416.94,2,5.0,16439.82,821.99,15617.83,6783.95,43.44,UPI,Referral,0,5.0,0,2023-03,2023Q1,18-25
ORD100317,2024-04-05,2024-04-11,6,CUST0188,33,Female,Pune,2,Fashion,Sneakers,1581.68,894.58,1,10.0,1581.68,158.17,1423.51,528.93,37.16,UPI,Organic Search,1,5.0,1,2024-04,2024Q2,26-35
ORD100318,2023-03-23,2023-03-27,4,CUST0072,47,Male,Chennai,2,Fashion,Handbag,2690.56,1614.65,2,5.0,5381.12,269.06,5112.06,1882.76,36.83,Debit Card,Social Media,1,3.8,0,2023-03,2023Q1,46-55
ORD100319,2023-11-16,2023-11-25,9,CUST0132,48,Female,Ahmedabad,3,Beauty,Lipstick Set,226.39,123.1,1,15.0,226.39,33.96,192.43,69.33,36.03,Debit Card,Organic Search,1,4.4,0,2023-11,2023Q4,46-55
ORD100320,2023-09-24,2023-09-29,5,CUST0075,65,Female,Ahmedabad,3,Home & Kitchen,Bedsheet Set,1318.09,766.16,2,10.0,2636.18,263.62,2372.56,840.24,35.41,Credit Card,Organic Search,1,2.0,0,2023-09,2023Q3,56-65
ORD100321,2023-06-28,2023-07-07,9,CUST0180,33,Male,Ahmedabad,3,Sports,Yoga Mat,991.17,480.8,2,5.0,1982.34,99.12,1883.22,921.62,48.94,Cash on Delivery,Organic Search,0,4.9,0,2023-06,2023Q2,26-35
ORD100322,2024-02-27,2024-03-09,11,CUST0148,64,Female,Ahmedabad,3,Electronics,Earbuds,1834.55,886.93,2,15.0,3669.1,550.36,3118.74,1344.88,43.12,UPI,Paid Ads,1,4.3,0,2024-02,2024Q1,56-65
ORD100323,2024-02-04,2024-02-08,4,CUST0115,42,Female,Bangalore,1,Home & Kitchen,Cookware Set,1377.78,699.58,2,5.0,2755.56,137.78,2617.78,1218.62,46.55,Cash on Delivery,Social Media,0,4.6,0,2024-02,2024Q1,36-45
ORD100324,2023-10-01,2023-10-10,9,CUST0192,33,Female,Hyderabad,2,Fashion,Jeans,737.59,445.97,2,5.0,1475.18,73.76,1401.42,509.48,36.35,UPI,Organic Search,1,2.9,0,2023-10,2023Q4,26-35
ORD100325,2023-04-11,2023-04-16,5,CUST0050,20,Male,Mumbai,1,Beauty,Face Serum,393.52,199.38,1,0.0,393.52,0.0,393.52,194.14,49.33,UPI,Referral,1,5.0,0,2023-04,2023Q2,18-25
ORD100326,2023-05-14,2023-05-18,4,CUST0029,62,Male,Mumbai,1,Beauty,Face Serum,890.76,573.14,4,10.0,3563.04,356.3,3206.74,914.18,28.51,Debit Card,Referral,1,4.7,0,2023-05,2023Q2,56-65
ORD100327,2023-03-17,2023-03-20,3,CUST0068,29,Male,Bangalore,1,Beauty,Hair Dryer,1687.95,779.85,1,5.0,1687.95,84.4,1603.55,823.7,51.37,Credit Card,Paid Ads,1,5.0,0,2023-03,2023Q1,26-35
ORD100328,2023-04-19,2023-04-25,6,CUST0065,46,Male,Kolkata,2,Beauty,Perfume,1902.34,1073.43,1,0.0,1902.34,0.0,1902.34,828.91,43.57,Credit Card,Paid Ads,1,4.6,1,2023-04,2023Q2,46-55
ORD100329,2024-06-11,2024-06-19,8,CUST0200,22,Female,Pune,2,Fashion,Sneakers,2867.8,1774.62,1,5.0,2867.8,143.39,2724.41,949.79,34.86,Cash on Delivery,Social Media,1,5.0,0,2024-06,2024Q2,18-25
ORD100330,2023-04-03,2023-04-08,5,CUST0197,36,Female,Chennai,2,Fashion,Jeans,1348.48,730.78,5,0.0,6742.4,0.0,6742.4,3088.5,45.81,Net Banking,Social Media,1,1.9,1,2023-04,2023Q2,36-45
ORD100331,2024-03-24,2024-04-01,8,CUST0062,49,Male,Chennai,2,Home & Kitchen,Bedsheet Set,746.3,484.56,1,0.0,746.3,0.0,746.3,261.74,35.07,Cash on Delivery,Email Campaign,0,4.0,0,2024-03,2024Q1,46-55
ORD100332,2023-02-13,2023-02-17,4,CUST0174,42,Male,Mumbai,1,Electronics,Laptop,35318.42,19131.07,3,10.0,105955.26,10595.53,95359.73,37966.52,39.81,UPI,Social Media,1,4.6,0,2023-02,2023Q1,36-45
ORD100333,2023-05-14,2023-05-15,1,CUST0117,57,Male,Bangalore,1,Books,Fiction Novel,268.9,163.69,1,5.0,268.9,13.44,255.46,91.77,35.92,Credit Card,Email Campaign,1,4.7,0,2023-05,2023Q2,56-65
ORD100334,2024-02-16,2024-02-21,5,CUST0055,20,Female,Hyderabad,2,Sports,Running Shoes,1538.25,791.15,2,10.0,3076.5,307.65,2768.85,1186.55,42.85,UPI,Social Media,1,2.7,0,2024-02,2024Q1,18-25
ORD100335,2023-04-13,2023-04-20,7,CUST0125,23,Male,Mumbai,1,Fashion,Handbag,3042.1,1378.45,2,15.0,6084.2,912.63,5171.57,2414.67,46.69,Debit Card,Email Campaign,1,2.1,0,2023-04,2023Q2,18-25
ORD100336,2023-10-05,2023-10-10,5,CUST0153,29,Female,Delhi,1,Beauty,Perfume,1345.88,791.83,1,0.0,1345.88,0.0,1345.88,554.05,41.17,UPI,Paid Ads,0,2.3,1,2023-10,2023Q4,26-35
ORD100337,2024-01-06,2024-01-17,11,CUST0169,31,Male,Surat,3,Electronics,Smartwatch,9850.15,5950.14,2,0.0,19700.3,0.0,19700.3,7800.02,39.59,Credit Card,Paid Ads,1,5.0,0,2024-01,2024Q1,26-35
ORD100338,2024-01-08,2024-01-11,3,CUST0117,20,Male,Mumbai,1,Beauty,Face Serum,488.63,306.87,1,10.0,488.63,48.86,439.77,132.9,30.22,Credit Card,Paid Ads,1,3.7,1,2024-01,2024Q1,18-25
ORD100339,2023-11-30,2023-12-06,6,CUST0084,32,Male,Pune,2,Electronics,Earbuds,1336.63,809.72,2,5.0,2673.26,133.66,2539.6,920.16,36.23,UPI,Paid Ads,0,4.9,0,2023-11,2023Q4,26-35
ORD100340,2024-04-10,2024-04-12,2,CUST0070,30,Male,Bangalore,1,Books,Self-Help Book,424.3,244.57,1,15.0,424.3,63.64,360.66,116.09,32.19,UPI,Paid Ads,1,3.8,0,2024-04,2024Q2,26-35
ORD100341,2023-06-10,2023-06-21,11,CUST0142,32,Male,Jaipur,3,Beauty,Perfume,2068.59,1170.04,5,25.0,10342.95,2585.74,7757.21,1907.01,24.58,Credit Card,Email Campaign,0,4.4,0,2023-06,2023Q2,26-35
ORD100342,2024-03-20,2024-03-25,5,CUST0002,44,Other,Bangalore,1,Beauty,Perfume,867.05,548.63,4,25.0,3468.2,867.05,2601.15,406.63,15.63,UPI,Paid Ads,1,4.2,1,2024-03,2024Q1,36-45
ORD100343,2023-09-04,2023-09-07,3,CUST0034,40,Male,Chennai,2,Sports,Yoga Mat,846.79,541.93,1,15.0,846.79,127.02,719.77,177.84,24.71,Net Banking,Social Media,0,2.0,1,2023-09,2023Q3,36-45
ORD100344,2024-04-19,2024-04-30,11,CUST0161,47,Female,Surat,3,Beauty,Face Serum,424.76,265.18,2,0.0,849.52,0.0,849.52,319.16,37.57,Credit Card,Paid Ads,1,3.9,0,2024-04,2024Q2,46-55
ORD100345,2023-08-01,2023-08-10,9,CUST0132,61,Male,Pune,2,Beauty,Lipstick Set,542.33,345.17,2,5.0,1084.66,54.23,1030.43,340.09,33.0,UPI,Paid Ads,1,4.0,1,2023-08,2023Q3,56-65
ORD100346,2023-07-29,2023-08-04,6,CUST0193,55,Female,Ahmedabad,3,Beauty,Lipstick Set,690.63,376.88,1,0.0,690.63,0.0,690.63,313.75,45.43,UPI,Email Campaign,0,5.0,0,2023-07,2023Q3,46-55
ORD100347,2023-12-20,2023-12-24,4,CUST0174,52,Female,Mumbai,1,Fashion,Men T-Shirt,591.74,350.29,2,0.0,1183.48,0.0,1183.48,482.9,40.8,Net Banking,Referral,1,4.1,0,2023-12,2023Q4,46-55
ORD100348,2024-02-05,2024-02-07,2,CUST0179,27,Male,Mumbai,1,Electronics,Earbuds,1578.61,797.5,5,0.0,7893.05,0.0,7893.05,3905.55,49.48,UPI,Referral,0,4.1,0,2024-02,2024Q1,26-35
ORD100349,2023-01-22,2023-01-27,5,CUST0134,59,Male,Chennai,2,Electronics,Laptop,38507.73,23758.87,1,20.0,38507.73,7701.55,30806.18,7047.31,22.88,UPI,Social Media,1,5.0,0,2023-01,2023Q1,56-65
ORD100350,2023-05-16,2023-05-25,9,CUST0074,21,Male,Hyderabad,2,Home & Kitchen,Vacuum Cleaner,4532.48,2376.74,3,0.0,13597.44,0.0,13597.44,6467.22,47.56,Credit Card,Paid Ads,1,5.0,0,2023-05,2023Q2,18-25
ORD100351,2023-04-30,2023-05-01,1,CUST0053,53,Female,Delhi,1,Electronics,Smartphone,21912.82,11480.88,2,5.0,43825.64,2191.28,41634.36,18672.6,44.85,UPI,Referral,0,4.7,0,2023-04,2023Q2,46-55
ORD100352,2024-05-26,2024-06-04,9,CUST0190,52,Female,Chennai,2,Electronics,Bluetooth Speaker,1389.0,626.24,1,5.0,1389.0,69.45,1319.55,693.31,52.54,Cash on Delivery,Referral,1,5.0,0,2024-05,2024Q2,46-55
ORD100353,2024-03-28,2024-04-04,7,CUST0142,25,Male,Ahmedabad,3,Home & Kitchen,Mixer Grinder,3222.87,1540.16,2,25.0,6445.74,1611.44,4834.3,1753.98,36.28,UPI,Organic Search,1,5.0,0,2024-03,2024Q1,18-25
ORD100354,2023-10-12,2023-10-18,6,CUST0023,50,Male,Ahmedabad,3,Home & Kitchen,Mixer Grinder,1556.37,909.4,2,5.0,3112.74,155.64,2957.1,1138.3,38.49,UPI,Social Media,1,4.0,0,2023-10,2023Q4,46-55
ORD100355,2024-01-17,2024-01-20,3,CUST0023,31,Female,Hyderabad,2,Beauty,Moisturizer,370.79,231.69,1,30.0,370.79,111.24,259.55,27.86,10.73,Cash on Delivery,Email Campaign,1,5.0,0,2024-01,2024Q1,26-35
ORD100356,2023-03-30,2023-04-01,2,CUST0017,55,Female,Delhi,1,Fashion,Sneakers,1257.12,813.77,1,20.0,1257.12,251.42,1005.7,191.93,19.08,Debit Card,Social Media,1,4.3,0,2023-03,2023Q1,46-55
ORD100357,2024-01-26,2024-01-29,3,CUST0078,49,Female,Delhi,1,Beauty,Perfume,1563.12,964.32,1,20.0,1563.12,312.62,1250.5,286.18,22.89,Net Banking,Referral,1,1.0,1,2024-01,2024Q1,46-55
ORD100358,2024-05-18,2024-05-26,8,CUST0018,56,Female,Chennai,2,Home & Kitchen,Bedsheet Set,1338.22,734.16,1,15.0,1338.22,200.73,1137.49,403.33,35.46,Debit Card,Paid Ads,1,4.3,0,2024-05,2024Q2,56-65
ORD100359,2023-01-18,2023-01-29,11,CUST0178,26,Male,Ahmedabad,3,Electronics,Smartwatch,5335.83,2893.13,2,0.0,10671.66,0.0,10671.66,4885.4,45.78,Credit Card,Organic Search,1,4.1,0,2023-01,2023Q1,26-35
ORD100360,2023-07-07,2023-07-16,9,CUST0176,37,Male,Pune,2,Home & Kitchen,Air Fryer,2283.53,1426.04,3,10.0,6850.59,685.06,6165.53,1887.41,30.61,Credit Card,Organic Search,0,4.0,0,2023-07,2023Q3,36-45
ORD100361,2023-06-16,2023-06-19,3,CUST0144,57,Female,Chennai,2,Fashion,Sneakers,1279.33,779.14,2,20.0,2558.66,511.73,2046.93,488.65,23.87,UPI,Email Campaign,0,5.0,0,2023-06,2023Q2,56-65
ORD100362,2023-01-18,2023-01-26,8,CUST0153,51,Female,Jaipur,3,Books,Fiction Novel,339.28,182.66,2,0.0,678.56,0.0,678.56,313.24,46.16,Net Banking,Organic Search,1,4.6,0,2023-01,2023Q1,46-55
ORD100363,2023-08-03,2023-08-07,4,CUST0005,48,Female,Hyderabad,2,Electronics,Smartphone,21735.53,10266.66,1,15.0,21735.53,3260.33,18475.2,8208.54,44.43,Credit Card,Organic Search,1,3.2,0,2023-08,2023Q3,46-55
ORD100364,2023-01-11,2023-01-20,9,CUST0052,29,Female,Hyderabad,2,Fashion,Men T-Shirt,357.9,203.12,1,10.0,357.9,35.79,322.11,118.99,36.94,UPI,Social Media,1,3.2,0,2023-01,2023Q1,26-35
ORD100365,2023-03-11,2023-03-12,1,CUST0073,28,Female,Bangalore,1,Sports,Cycle,15654.62,9285.73,3,10.0,46963.86,4696.39,42267.47,14410.28,34.09,Debit Card,Paid Ads,1,4.7,0,2023-03,2023Q1,26-35
ORD100366,2023-04-20,2023-04-22,2,CUST0105,25,Female,Delhi,1,Fashion,Handbag,3004.23,1660.89,5,5.0,15021.15,751.06,14270.09,5965.64,41.81,Credit Card,Paid Ads,1,4.0,0,2023-04,2023Q2,18-25
ORD100367,2023-04-29,2023-05-05,6,CUST0114,32,Female,Hyderabad,2,Beauty,Face Serum,555.25,358.27,2,5.0,1110.5,55.52,1054.98,338.44,32.08,UPI,Email Campaign,1,4.8,0,2023-04,2023Q2,26-35
ORD100368,2024-05-18,2024-05-24,6,CUST0037,43,Male,Mumbai,1,Beauty,Perfume,620.86,289.94,1,10.0,620.86,62.09,558.77,268.83,48.11,Cash on Delivery,Organic Search,1,3.3,0,2024-05,2024Q2,36-45
ORD100369,2024-02-18,2024-02-23,5,CUST0197,55,Female,Jaipur,3,Fashion,Handbag,1198.61,722.72,1,5.0,1198.61,59.93,1138.68,415.96,36.53,Cash on Delivery,Social Media,0,5.0,0,2024-02,2024Q1,46-55
ORD100370,2024-04-10,2024-04-11,1,CUST0008,24,Female,Bangalore,1,Toys,Puzzle,273.31,174.5,1,0.0,273.31,0.0,273.31,98.81,36.15,UPI,Social Media,0,3.6,0,2024-04,2024Q2,18-25
ORD100371,2023-03-20,2023-03-26,6,CUST0170,49,Male,Mumbai,1,Fashion,Handbag,2754.83,1350.93,3,15.0,8264.49,1239.67,7024.82,2972.03,42.31,Credit Card,Referral,1,4.3,0,2023-03,2023Q1,46-55
ORD100372,2023-11-19,2023-11-28,9,CUST0200,37,Female,Hyderabad,2,Fashion,Men T-Shirt,525.8,295.15,1,0.0,525.8,0.0,525.8,230.65,43.87,UPI,Email Campaign,1,3.8,0,2023-11,2023Q4,36-45
ORD100373,2024-04-26,2024-05-02,6,CUST0152,42,Female,Kolkata,2,Home & Kitchen,Cookware Set,2036.96,1023.94,1,10.0,2036.96,203.7,1833.26,809.32,44.15,Net Banking,Organic Search,1,4.9,1,2024-04,2024Q2,36-45
ORD100374,2023-12-16,2023-12-20,4,CUST0170,33,Male,Mumbai,1,Fashion,Handbag,792.05,412.07,1,5.0,792.05,39.6,752.45,340.38,45.24,UPI,Paid Ads,0,4.3,0,2023-12,2023Q4,26-35
ORD100375,2024-03-08,2024-03-13,5,CUST0006,38,Male,Mumbai,1,Electronics,Laptop,39268.4,28918.13,1,0.0,39268.4,0.0,39268.4,10350.27,26.36,UPI,Social Media,1,4.2,0,2024-03,2024Q1,36-45
ORD100376,2023-11-03,2023-11-06,3,CUST0020,52,Male,Delhi,1,Home & Kitchen,Bedsheet Set,1760.26,1135.05,1,10.0,1760.26,176.03,1584.23,449.18,28.35,Cash on Delivery,Social Media,1,4.1,0,2023-11,2023Q4,46-55
ORD100377,2023-12-11,2023-12-14,3,CUST0020,59,Female,Mumbai,1,Beauty,Lipstick Set,233.63,114.93,3,5.0,700.89,35.04,665.85,321.06,48.22,Credit Card,Paid Ads,1,4.1,0,2023-12,2023Q4,56-65
ORD100378,2023-01-20,2023-01-26,6,CUST0191,47,Male,Delhi,1,Home & Kitchen,Cookware Set,2347.33,1156.27,3,10.0,7041.99,704.2,6337.79,2868.98,45.27,Debit Card,Referral,0,5.0,0,2023-01,2023Q1,46-55
ORD100379,2023-06-01,2023-06-05,4,CUST0082,22,Female,Hyderabad,2,Electronics,Smartphone,10106.62,5428.04,2,5.0,20213.24,1010.66,19202.58,8346.5,43.47,Credit Card,Social Media,0,3.8,0,2023-06,2023Q2,18-25
ORD100380,2023-09-09,2023-09-16,7,CUST0166,20,Male,Delhi,1,Electronics,Smartphone,19581.2,10519.54,1,10.0,19581.2,1958.12,17623.08,7103.54,40.31,UPI,Social Media,1,1.2,1,2023-09,2023Q3,18-25
ORD100381,2023-02-26,2023-03-09,11,CUST0105,41,Female,Ahmedabad,3,Electronics,Earbuds,3220.56,1490.21,1,0.0,3220.56,0.0,3220.56,1730.35,53.73,UPI,Organic Search,0,4.3,0,2023-02,2023Q1,36-45
ORD100382,2024-06-21,2024-06-26,5,CUST0081,39,Female,Pune,2,Home & Kitchen,Air Fryer,3489.35,2109.79,1,10.0,3489.35,348.94,3140.41,1030.62,32.82,Credit Card,Organic Search,0,5.0,0,2024-06,2024Q2,36-45
ORD100383,2023-09-18,2023-09-27,9,CUST0082,52,Male,Chennai,2,Electronics,Laptop,39268.4,36162.48,1,5.0,39268.4,1963.42,37304.98,1142.5,3.06,Debit Card,Paid Ads,0,5.0,0,2023-09,2023Q3,46-55
ORD100384,2023-02-05,2023-02-14,9,CUST0172,33,Male,Kolkata,2,Sports,Yoga Mat,991.56,628.14,3,0.0,2974.68,0.0,2974.68,1090.26,36.65,UPI,Social Media,1,4.2,0,2023-02,2023Q1,26-35
ORD100385,2024-02-07,2024-02-12,5,CUST0042,46,Female,Hyderabad,2,Electronics,Earbuds,1612.4,821.49,4,15.0,6449.6,967.44,5482.16,2196.2,40.06,Net Banking,Email Campaign,0,4.9,1,2024-02,2024Q1,46-55
ORD100386,2023-12-07,2023-12-17,10,CUST0067,50,Male,Ahmedabad,3,Books,Comic Set,297.83,143.57,4,0.0,1191.32,0.0,1191.32,617.04,51.79,Debit Card,Social Media,1,5.0,0,2023-12,2023Q4,46-55
ORD100387,2023-05-20,2023-05-23,3,CUST0041,33,Male,Kolkata,2,Home & Kitchen,Mixer Grinder,2501.65,1166.89,2,5.0,5003.3,250.16,4753.14,2419.36,50.9,Debit Card,Social Media,0,5.0,0,2023-05,2023Q2,26-35
ORD100388,2023-05-17,2023-05-24,7,CUST0022,44,Male,Jaipur,3,Fashion,Sneakers,1181.65,598.34,2,5.0,2363.3,118.16,2245.14,1048.46,46.7,Credit Card,Organic Search,1,4.3,0,2023-05,2023Q2,36-45
ORD100389,2023-04-02,2023-04-08,6,CUST0110,56,Male,Kolkata,2,Home & Kitchen,Cookware Set,1236.19,655.44,2,0.0,2472.38,0.0,2472.38,1161.5,46.98,UPI,Social Media,1,4.4,0,2023-04,2023Q2,56-65
ORD100390,2024-05-21,2024-05-26,5,CUST0069,36,Female,Jaipur,3,Books,Comic Set,228.57,140.04,1,25.0,228.57,57.14,171.43,31.39,18.31,Debit Card,Email Campaign,1,3.8,0,2024-05,2024Q2,36-45
ORD100391,2023-05-30,2023-06-02,3,CUST0095,55,Female,Chennai,2,Electronics,Smartphone,12062.7,7617.18,1,10.0,12062.7,1206.27,10856.43,3239.25,29.84,Debit Card,Social Media,1,1.0,1,2023-05,2023Q2,46-55
ORD100392,2023-09-20,2023-09-25,5,CUST0091,56,Female,Ahmedabad,3,Beauty,Moisturizer,257.17,127.81,1,5.0,257.17,12.86,244.31,116.5,47.69,UPI,Organic Search,0,4.2,1,2023-09,2023Q3,56-65
ORD100393,2023-05-16,2023-05-23,7,CUST0087,47,Male,Kolkata,2,Fashion,Sneakers,890.47,488.48,1,0.0,890.47,0.0,890.47,401.99,45.14,Credit Card,Organic Search,1,3.7,0,2023-05,2023Q2,46-55
ORD100394,2024-03-16,2024-03-23,7,CUST0133,38,Male,Ahmedabad,3,Books,Textbook,841.68,534.76,1,20.0,841.68,168.34,673.34,138.58,20.58,Cash on Delivery,Social Media,1,5.0,0,2024-03,2024Q1,36-45
ORD100395,2023-06-02,2023-06-03,1,CUST0112,25,Other,Mumbai,1,Home & Kitchen,Vacuum Cleaner,4149.3,2453.04,1,0.0,4149.3,0.0,4149.3,1696.26,40.88,Net Banking,Paid Ads,0,1.9,0,2023-06,2023Q2,18-25
ORD100396,2023-07-28,2023-08-06,9,CUST0145,60,Female,Hyderabad,2,Sports,Yoga Mat,627.29,385.48,3,15.0,1881.87,282.28,1599.59,443.15,27.7,Credit Card,Paid Ads,1,5.0,0,2023-07,2023Q3,56-65
ORD100397,2023-01-27,2023-02-03,7,CUST0028,38,Male,Jaipur,3,Beauty,Face Serum,913.18,518.75,2,5.0,1826.36,91.32,1735.04,697.54,40.2,UPI,Referral,1,5.0,0,2023-01,2023Q1,36-45
ORD100398,2024-04-08,2024-04-13,5,CUST0034,31,Female,Kolkata,2,Electronics,Bluetooth Speaker,2431.64,1481.86,5,25.0,12158.2,3039.55,9118.65,1709.35,18.75,UPI,Paid Ads,0,4.2,0,2024-04,2024Q2,26-35
ORD100399,2024-02-13,2024-02-14,1,CUST0166,59,Male,Delhi,1,Electronics,Laptop,30923.04,16404.03,1,5.0,30923.04,1546.15,29376.89,12972.86,44.16,UPI,Referral,1,5.0,0,2024-02,2024Q1,56-65
ORD100400,2024-06-08,2024-06-14,6,CUST0109,23,Female,Jaipur,3,Fashion,Men T-Shirt,593.77,334.06,4,5.0,2375.08,118.75,2256.33,920.09,40.78,UPI,Organic Search,0,3.9,0,2024-06,2024Q2,18-25
ORD100401,2023-06-08,2023-06-14,6,CUST0021,48,Male,Kolkata,2,Fashion,Women Kurta,821.82,446.78,2,0.0,1643.64,0.0,1643.64,750.08,45.64,UPI,Paid Ads,0,4.8,0,2023-06,2023Q2,46-55
ORD100402,2024-06-06,2024-06-12,6,CUST0091,34,Female,Pune,2,Home & Kitchen,Air Fryer,3239.06,1984.13,1,15.0,3239.06,485.86,2753.2,769.07,27.93,Net Banking,Email Campaign,0,1.2,1,2024-06,2024Q2,26-35
ORD100403,2023-11-01,2023-11-08,7,CUST0068,39,Female,Jaipur,3,Electronics,Earbuds,23854.6,1371.07,1,10.0,23854.6,2385.46,21469.14,20098.07,93.61,Net Banking,Social Media,0,2.7,0,2023-11,2023Q4,36-45
ORD100404,2024-02-09,2024-02-10,1,CUST0169,65,Female,Mumbai,1,Electronics,Smartwatch,3119.74,1656.64,2,5.0,6239.48,311.97,5927.51,2614.23,44.1,Debit Card,Social Media,1,4.4,0,2024-02,2024Q1,56-65
ORD100405,2023-05-19,2023-05-20,1,CUST0007,31,Male,Mumbai,1,Fashion,Jeans,867.12,422.85,3,10.0,2601.36,260.14,2341.22,1072.67,45.82,Credit Card,Paid Ads,1,3.3,0,2023-05,2023Q2,26-35
ORD100406,2023-01-23,2023-01-26,3,CUST0121,19,Female,Chennai,2,Beauty,Perfume,748.82,481.32,1,15.0,748.82,112.32,636.5,155.18,24.38,Credit Card,Organic Search,1,3.1,0,2023-01,2023Q1,18-25
ORD100407,2024-05-22,2024-06-01,10,CUST0103,49,Male,Surat,3,Home & Kitchen,Vacuum Cleaner,5893.31,2695.62,2,30.0,11786.62,3535.99,8250.63,2859.39,34.66,Credit Card,Organic Search,0,5.0,0,2024-05,2024Q2,46-55
ORD100408,2023-03-07,2023-03-12,5,CUST0166,40,Male,Hyderabad,2,Electronics,Smartwatch,11035.89,6058.24,1,5.0,11035.89,551.79,10484.1,4425.86,42.21,UPI,Paid Ads,1,3.2,0,2023-03,2023Q1,36-45
ORD100409,2024-04-24,2024-04-30,6,CUST0173,59,Female,Surat,3,Home & Kitchen,Bedsheet Set,1648.13,879.07,2,5.0,3296.26,164.81,3131.45,1373.31,43.86,Debit Card,Organic Search,0,5.0,0,2024-04,2024Q2,56-65
ORD100410,2023-06-10,2023-06-15,5,CUST0061,31,Female,Delhi,1,Beauty,Perfume,1433.59,786.68,3,25.0,4300.77,1075.19,3225.58,865.54,26.83,Net Banking,Organic Search,0,3.8,0,2023-06,2023Q2,26-35
ORD100411,2023-04-27,2023-05-04,7,CUST0091,20,Female,Hyderabad,2,Home & Kitchen,Air Fryer,2680.07,1738.65,2,5.0,5360.14,268.01,5092.13,1614.83,31.71,Credit Card,Social Media,1,5.0,0,2023-04,2023Q2,18-25
ORD100412,2023-04-24,2023-04-29,5,CUST0144,20,Male,Ahmedabad,3,Electronics,Earbuds,2910.46,1369.0,2,20.0,5820.92,1164.18,4656.74,1918.74,41.2,Debit Card,Social Media,1,2.8,0,2023-04,2023Q2,18-25
ORD100413,2023-04-12,2023-04-18,6,CUST0113,44,Female,Ahmedabad,3,Beauty,Moisturizer,588.26,364.56,1,0.0,588.26,0.0,588.26,223.7,38.03,Credit Card,Organic Search,1,5.0,0,2023-04,2023Q2,36-45
ORD100414,2023-09-09,2023-09-13,4,CUST0110,44,Female,Hyderabad,2,Beauty,Moisturizer,651.92,311.36,2,15.0,1303.84,195.58,1108.26,485.54,43.81,UPI,Referral,0,5.0,0,2023-09,2023Q3,36-45
ORD100415,2023-03-28,2023-04-04,7,CUST0195,20,Female,Surat,3,Sports,Cycle,9092.46,4203.39,5,0.0,45462.3,0.0,45462.3,24445.35,53.77,Debit Card,Social Media,0,4.6,0,2023-03,2023Q1,18-25
ORD100416,2023-11-08,2023-11-16,8,CUST0136,57,Female,Chennai,2,Home & Kitchen,Bedsheet Set,1465.51,741.48,4,0.0,5862.04,0.0,5862.04,2896.12,49.4,Debit Card,Email Campaign,0,3.8,0,2023-11,2023Q4,56-65
ORD100417,2023-11-05,2023-11-10,5,CUST0033,51,Other,Ahmedabad,3,Beauty,Moisturizer,222.18,132.87,1,15.0,222.18,33.33,188.85,55.98,29.64,Credit Card,Email Campaign,1,2.0,1,2023-11,2023Q4,46-55
ORD100418,2023-09-05,2023-09-14,9,CUST0016,41,Male,Pune,2,Electronics,Smartwatch,9967.42,4705.5,2,30.0,19934.84,5980.45,13954.39,4543.39,32.56,UPI,Paid Ads,1,3.2,0,2023-09,2023Q3,36-45
ORD100419,2024-06-30,2024-07-11,11,CUST0184,54,Female,Surat,3,Electronics,Laptop,39268.4,34475.02,1,0.0,39268.4,0.0,39268.4,4793.38,12.21,Net Banking,Social Media,0,3.8,0,2024-06,2024Q2,46-55
ORD100420,2024-03-11,2024-03-18,7,CUST0055,46,Male,Delhi,1,Fashion,Men T-Shirt,5472.3,260.49,1,5.0,5472.3,273.62,5198.68,4938.19,94.99,UPI,Email Campaign,0,4.0,0,2024-03,2024Q1,46-55
ORD100421,2024-05-16,2024-05-24,8,CUST0183,47,Male,Kolkata,2,Home & Kitchen,Vacuum Cleaner,7866.36,3739.86,3,0.0,23599.08,0.0,23599.08,12379.5,52.46,Debit Card,Paid Ads,0,4.7,0,2024-05,2024Q2,46-55
ORD100422,2023-05-02,2023-05-11,9,CUST0134,27,Male,Surat,3,Books,Textbook,811.39,412.12,1,5.0,811.39,40.57,770.82,358.7,46.53,Debit Card,Organic Search,1,3.8,1,2023-05,2023Q2,26-35
ORD100423,2023-08-09,2023-08-15,6,CUST0012,44,Male,Jaipur,3,Fashion,Jeans,1746.78,907.85,1,0.0,1746.78,0.0,1746.78,838.93,48.03,Net Banking,Email Campaign,1,3.9,0,2023-08,2023Q3,36-45
ORD100424,2024-04-16,2024-04-25,9,CUST0160,60,Female,Pune,2,Electronics,Smartphone,14299.01,7364.61,1,20.0,14299.01,2859.8,11439.21,4074.6,35.62,UPI,Social Media,1,4.9,1,2024-04,2024Q2,56-65
ORD100425,2023-01-26,2023-02-04,9,CUST0165,53,Male,Jaipur,3,Fashion,Men T-Shirt,678.07,392.62,3,5.0,2034.21,101.71,1932.5,754.64,39.05,Debit Card,Paid Ads,0,4.2,0,2023-01,2023Q1,46-55
ORD100426,2024-06-28,2024-06-30,2,CUST0149,46,Male,Delhi,1,Home & Kitchen,Air Fryer,4887.13,3010.17,1,10.0,4887.13,488.71,4398.42,1388.25,31.56,UPI,Referral,1,4.1,0,2024-06,2024Q2,46-55
ORD100427,2023-11-21,2023-11-29,8,CUST0037,29,Male,Jaipur,3,Electronics,Bluetooth Speaker,1534.33,742.05,1,0.0,1534.33,0.0,1534.33,792.28,51.64,UPI,Social Media,1,3.9,0,2023-11,2023Q4,26-35
ORD100428,2023-04-12,2023-04-15,3,CUST0031,21,Male,Bangalore,1,Electronics,Bluetooth Speaker,1385.2,884.19,4,0.0,5540.8,0.0,5540.8,2004.04,36.17,Credit Card,Paid Ads,0,4.0,0,2023-04,2023Q2,18-25
ORD100429,2023-03-09,2023-03-15,6,CUST0142,55,Female,Pune,2,Electronics,Earbuds,878.05,398.39,2,25.0,1756.1,439.02,1317.08,520.3,39.5,Credit Card,Paid Ads,1,4.2,0,2023-03,2023Q1,46-55
ORD100430,2023-05-26,2023-06-02,7,CUST0143,46,Male,Ahmedabad,3,Home & Kitchen,Mixer Grinder,2851.1,1826.19,1,0.0,2851.1,0.0,2851.1,1024.91,35.95,Credit Card,Organic Search,0,5.0,0,2023-05,2023Q2,46-55
ORD100431,2024-01-25,2024-01-30,5,CUST0042,65,Female,Pune,2,Books,Textbook,805.46,407.77,1,20.0,805.46,161.09,644.37,236.6,36.72,Net Banking,Referral,1,2.2,0,2024-01,2024Q1,56-65
ORD100432,2023-11-22,2023-12-02,10,CUST0070,33,Female,Surat,3,Electronics,Smartwatch,11508.68,6807.97,2,30.0,23017.36,6905.21,16112.15,2496.21,15.49,Credit Card,Referral,1,3.4,0,2023-11,2023Q4,26-35
ORD100433,2023-01-10,2023-01-18,8,CUST0101,52,Male,Chennai,2,Books,Cookbook,386.77,211.87,2,10.0,773.54,77.35,696.19,272.45,39.13,UPI,Email Campaign,0,5.0,0,2023-01,2023Q1,46-55
ORD100434,2024-01-02,2024-01-10,8,CUST0119,41,Female,Jaipur,3,Electronics,Earbuds,1278.4,577.44,3,10.0,3835.2,383.52,3451.68,1719.36,49.81,UPI,Referral,1,2.6,0,2024-01,2024Q1,36-45
ORD100435,2023-08-15,2023-08-19,4,CUST0181,63,Female,Kolkata,2,Electronics,Smartwatch,11821.07,6484.66,5,0.0,59105.35,0.0,59105.35,26682.05,45.14,UPI,Organic Search,1,5.0,0,2023-08,2023Q3,56-65
ORD100436,2023-06-29,2023-07-02,3,CUST0059,51,Female,Kolkata,2,Electronics,Smartphone,16234.3,10336.58,2,0.0,32468.6,0.0,32468.6,11795.44,36.33,UPI,Social Media,1,4.6,0,2023-06,2023Q2,46-55
ORD100437,2024-03-13,2024-03-19,6,CUST0105,35,Male,Mumbai,1,Beauty,Moisturizer,603.86,310.75,2,20.0,1207.72,241.54,966.18,344.68,35.67,Credit Card,Social Media,1,4.0,1,2024-03,2024Q1,26-35
ORD100438,2023-01-06,2023-01-12,6,CUST0189,32,Female,Chennai,2,Books,Cookbook,397.3,180.8,1,10.0,397.3,39.73,357.57,176.77,49.44,UPI,Paid Ads,1,1.8,1,2023-01,2023Q1,26-35
ORD100439,2023-01-25,2023-02-01,7,CUST0122,33,Female,Chennai,2,Electronics,Earbuds,2952.5,1474.57,4,20.0,11810.0,2362.0,9448.0,3549.72,37.57,UPI,Organic Search,0,5.0,0,2023-01,2023Q1,26-35
ORD100440,2023-05-08,2023-05-11,3,CUST0178,22,Female,Kolkata,2,Fashion,Men T-Shirt,884.72,555.62,4,5.0,3538.88,176.94,3361.94,1139.46,33.89,Credit Card,Paid Ads,1,4.6,0,2023-05,2023Q2,18-25
ORD100441,2024-01-26,2024-01-30,4,CUST0169,57,Male,Bangalore,1,Electronics,Bluetooth Speaker,1324.58,754.9,3,0.0,3973.74,0.0,3973.74,1709.04,43.01,Cash on Delivery,Paid Ads,1,5.0,0,2024-01,2024Q1,56-65
ORD100442,2023-07-17,2023-07-20,3,CUST0050,54,Male,Pune,2,Sports,Running Shoes,1487.53,904.24,2,0.0,2975.06,0.0,2975.06,1166.58,39.21,Credit Card,Organic Search,1,4.0,0,2023-07,2023Q3,46-55
ORD100443,2024-03-22,2024-03-29,7,CUST0199,27,Male,Hyderabad,2,Electronics,Smartphone,21436.38,13441.56,3,5.0,64309.14,3215.46,61093.68,20769.0,34.0,Debit Card,Social Media,1,3.9,1,2024-03,2024Q1,26-35
ORD100444,2023-02-25,2023-03-05,8,CUST0018,39,Male,Jaipur,3,Electronics,Smartwatch,6094.34,2987.76,5,10.0,30471.7,3047.17,27424.53,12485.73,45.53,UPI,Email Campaign,1,5.0,0,2023-02,2023Q1,36-45
ORD100445,2023-06-16,2023-06-19,3,CUST0001,58,Male,Chennai,2,Fashion,Jeans,1236.02,610.45,3,0.0,3708.06,0.0,3708.06,1876.71,50.61,UPI,Referral,1,3.8,0,2023-06,2023Q2,56-65
ORD100446,2023-01-07,2023-01-12,5,CUST0113,30,Female,Chennai,2,Beauty,Perfume,420.77,201.33,1,10.0,420.77,42.08,378.69,177.36,46.84,Credit Card,Organic Search,0,4.4,0,2023-01,2023Q1,26-35
ORD100447,2023-09-09,2023-09-13,4,CUST0174,26,Male,Hyderabad,2,Fashion,Women Kurta,556.79,261.82,1,0.0,556.79,0.0,556.79,294.97,52.98,Net Banking,Organic Search,0,3.3,0,2023-09,2023Q3,26-35
ORD100448,2024-03-20,2024-03-30,10,CUST0050,52,Male,Surat,3,Beauty,Lipstick Set,232.69,141.7,1,25.0,232.69,58.17,174.52,32.82,18.81,UPI,Organic Search,1,4.4,0,2024-03,2024Q1,46-55
ORD100449,2023-06-02,2023-06-05,3,CUST0131,55,Female,Bangalore,1,Electronics,Smartwatch,5224.54,2483.18,2,0.0,10449.08,0.0,10449.08,5482.72,52.47,Debit Card,Paid Ads,1,2.0,0,2023-06,2023Q2,46-55
ORD100450,2024-06-15,2024-06-21,6,CUST0127,48,Male,Hyderabad,2,Home & Kitchen,Cookware Set,1193.8,652.6,2,10.0,2387.6,238.76,2148.84,843.64,39.26,Credit Card,Organic Search,1,5.0,1,2024-06,2024Q2,46-55
ORD100451,2024-03-11,2024-03-15,4,CUST0035,23,Male,Bangalore,1,Sports,Running Shoes,2799.84,1568.22,4,5.0,11199.36,559.97,10639.39,4366.51,41.04,UPI,Paid Ads,1,2.6,0,2024-03,2024Q1,18-25
ORD100452,2023-11-21,2023-11-28,7,CUST0092,23,Male,Jaipur,3,Fashion,Jeans,1135.32,657.43,1,0.0,1135.32,0.0,1135.32,477.89,42.09,Credit Card,Organic Search,1,3.7,0,2023-11,2023Q4,18-25
ORD100453,2023-07-21,2023-07-27,6,CUST0071,30,Female,Bangalore,1,Fashion,Handbag,1487.72,872.86,1,20.0,1487.72,297.54,1190.18,317.32,26.66,Credit Card,Referral,0,5.0,0,2023-07,2023Q3,26-35
ORD100454,2024-02-18,2024-02-26,8,CUST0195,27,Female,Ahmedabad,3,Fashion,Jeans,1750.61,1016.79,3,0.0,5251.83,0.0,5251.83,2201.46,41.92,UPI,Social Media,1,4.8,0,2024-02,2024Q1,26-35
ORD100455,2023-03-29,2023-04-03,5,CUST0113,46,Female,Hyderabad,2,Fashion,Sneakers,2660.76,1419.62,1,25.0,2660.76,665.19,1995.57,575.95,28.86,UPI,Social Media,1,3.3,0,2023-03,2023Q1,46-55
ORD100456,2024-03-05,2024-03-11,6,CUST0084,55,Male,Hyderabad,2,Beauty,Hair Dryer,1560.07,869.77,1,15.0,1560.07,234.01,1326.06,456.29,34.41,UPI,Paid Ads,0,4.7,0,2024-03,2024Q1,46-55
ORD100457,2024-02-05,2024-02-11,6,CUST0028,39,Female,Pune,2,Home & Kitchen,Cookware Set,1249.25,609.22,1,10.0,1249.25,124.92,1124.33,515.11,45.81,Credit Card,Social Media,1,4.7,0,2024-02,2024Q1,36-45
ORD100458,2023-07-23,2023-07-24,1,CUST0135,22,Male,Mumbai,1,Beauty,Moisturizer,746.81,379.54,1,0.0,746.81,0.0,746.81,367.27,49.18,Credit Card,Referral,1,1.0,0,2023-07,2023Q3,18-25
ORD100459,2023-07-31,2023-08-04,4,CUST0041,56,Female,Hyderabad,2,Fashion,Men T-Shirt,822.27,479.35,1,20.0,822.27,164.45,657.82,178.47,27.13,Cash on Delivery,Organic Search,1,3.2,0,2023-07,2023Q3,56-65
ORD100460,2023-09-10,2023-09-17,7,CUST0011,65,Male,Kolkata,2,Fashion,Sneakers,1523.56,826.59,2,5.0,3047.12,152.36,2894.76,1241.58,42.89,UPI,Email Campaign,0,4.9,0,2023-09,2023Q3,56-65
ORD100461,2023-07-03,2023-07-10,7,CUST0146,24,Male,Chennai,2,Sports,Dumbbells Set,2413.14,1174.45,1,25.0,2413.14,603.28,1809.86,635.41,35.11,Credit Card,Social Media,0,3.3,0,2023-07,2023Q3,18-25
ORD100462,2024-02-26,2024-03-08,11,CUST0197,42,Male,Surat,3,Books,Self-Help Book,498.77,234.94,5,0.0,2493.85,0.0,2493.85,1319.15,52.9,Debit Card,Social Media,1,2.6,1,2024-02,2024Q1,36-45
ORD100463,2023-07-19,2023-07-27,8,CUST0172,65,Male,Ahmedabad,3,Fashion,Jeans,652.88,311.62,1,15.0,652.88,97.93,554.95,243.33,43.85,Credit Card,Paid Ads,1,2.1,0,2023-07,2023Q3,56-65
ORD100464,2023-07-01,2023-07-06,5,CUST0003,61,Male,Kolkata,2,Electronics,Bluetooth Speaker,1361.4,795.44,2,0.0,2722.8,0.0,2722.8,1131.92,41.57,UPI,Paid Ads,1,3.2,0,2023-07,2023Q3,56-65
ORD100465,2023-04-16,2023-04-22,6,CUST0097,30,Female,Kolkata,2,Electronics,Smartwatch,9213.12,4235.57,1,10.0,9213.12,921.31,8291.81,4056.24,48.92,UPI,Referral,1,2.7,0,2023-04,2023Q2,26-35
ORD100466,2023-04-09,2023-04-16,7,CUST0132,24,Female,Bangalore,1,Electronics,Bluetooth Speaker,2286.0,1048.82,2,15.0,4572.0,685.8,3886.2,1788.56,46.02,UPI,Paid Ads,1,4.1,0,2023-04,2023Q2,18-25
ORD100467,2023-06-27,2023-06-30,3,CUST0017,60,Female,Hyderabad,2,Electronics,Bluetooth Speaker,1722.78,933.32,1,5.0,1722.78,86.14,1636.64,703.32,42.97,UPI,Paid Ads,0,3.7,0,2023-06,2023Q2,56-65
ORD100468,2023-06-25,2023-07-02,7,CUST0174,62,Male,Ahmedabad,3,Toys,Lego Set,2422.17,1427.3,2,30.0,4844.34,1453.3,3391.04,536.44,15.82,Credit Card,Social Media,1,5.0,0,2023-06,2023Q2,56-65
ORD100469,2024-06-07,2024-06-15,8,CUST0006,57,Female,Chennai,2,Electronics,Smartwatch,9676.33,4380.07,2,15.0,19352.66,2902.9,16449.76,7689.62,46.75,Credit Card,Organic Search,1,2.9,0,2024-06,2024Q2,56-65
ORD100470,2023-07-29,2023-08-04,6,CUST0190,39,Male,Delhi,1,Home & Kitchen,Mixer Grinder,1594.77,1019.34,4,10.0,6379.08,637.91,5741.17,1663.81,28.98,Net Banking,Paid Ads,1,4.6,0,2023-07,2023Q3,36-45
ORD100471,2023-12-06,2023-12-13,7,CUST0064,61,Female,Jaipur,3,Beauty,Perfume,908.72,529.78,2,25.0,1817.44,454.36,1363.08,303.52,22.27,Credit Card,Social Media,1,5.0,0,2023-12,2023Q4,56-65
ORD100472,2023-05-25,2023-05-27,2,CUST0053,33,Male,Mumbai,1,Home & Kitchen,Mixer Grinder,1813.9,1104.75,1,10.0,1813.9,181.39,1632.51,527.76,32.33,UPI,Paid Ads,1,3.7,0,2023-05,2023Q2,26-35
ORD100473,2023-07-26,2023-07-31,5,CUST0097,28,Male,Chennai,2,Fashion,Handbag,3087.28,1611.3,1,25.0,3087.28,771.82,2315.46,704.16,30.41,UPI,Referral,1,3.9,0,2023-07,2023Q3,26-35
ORD100474,2023-11-04,2023-11-13,9,CUST0079,47,Male,Jaipur,3,Beauty,Moisturizer,522.32,274.79,2,0.0,1044.64,0.0,1044.64,495.06,47.39,Cash on Delivery,Organic Search,1,3.9,0,2023-11,2023Q4,46-55
ORD100475,2024-01-19,2024-01-27,8,CUST0099,49,Male,Ahmedabad,3,Electronics,Smartwatch,6641.0,3974.23,1,5.0,6641.0,332.05,6308.95,2334.72,37.01,Credit Card,Referral,0,2.3,0,2024-01,2024Q1,46-55
ORD100476,2023-12-23,2024-01-01,9,CUST0099,45,Female,Ahmedabad,3,Beauty,Hair Dryer,1592.78,735.13,2,5.0,3185.56,159.28,3026.28,1556.02,51.42,UPI,Social Media,1,2.3,0,2023-12,2023Q4,36-45
ORD100477,2023-05-31,2023-06-07,7,CUST0030,23,Female,Surat,3,Fashion,Sneakers,1344.31,648.34,2,10.0,2688.62,268.86,2419.76,1123.08,46.41,Credit Card,Paid Ads,0,4.1,0,2023-05,2023Q2,18-25
ORD100478,2023-11-06,2023-11-11,5,CUST0106,64,Female,Bangalore,1,Fashion,Sneakers,2928.9,1498.41,2,5.0,5857.8,292.89,5564.91,2568.09,46.15,Credit Card,Organic Search,1,4.2,0,2023-11,2023Q4,56-65
ORD100479,2023-06-22,2023-06-29,7,CUST0107,59,Male,Mumbai,1,Beauty,Hair Dryer,1288.41,687.45,1,15.0,1288.41,193.26,1095.15,407.7,37.23,UPI,Paid Ads,1,2.7,0,2023-06,2023Q2,56-65
ORD100480,2023-07-10,2023-07-16,6,CUST0105,46,Female,Jaipur,3,Electronics,Smartwatch,3530.84,1772.02,1,15.0,3530.84,529.63,3001.21,1229.19,40.96,Credit Card,Paid Ads,0,4.7,0,2023-07,2023Q3,46-55
ORD100481,2024-05-11,2024-05-17,6,CUST0171,55,Female,Bangalore,1,Fashion,Handbag,2781.6,1783.12,1,0.0,2781.6,0.0,2781.6,998.48,35.9,Cash on Delivery,Paid Ads,1,3.2,0,2024-05,2024Q2,46-55
ORD100482,2023-12-12,2023-12-19,7,CUST0062,41,Female,Chennai,2,Fashion,Sneakers,1744.8,1133.93,1,20.0,1744.8,348.96,1395.84,261.91,18.76,UPI,Organic Search,1,1.9,1,2023-12,2023Q4,36-45
ORD100483,2023-05-06,2023-05-13,7,CUST0116,42,Female,Mumbai,1,Beauty,Perfume,1514.32,756.72,5,15.0,7571.6,1135.74,6435.86,2652.26,41.21,Cash on Delivery,Social Media,0,4.1,1,2023-05,2023Q2,36-45
ORD100484,2023-11-30,2023-12-10,10,CUST0021,40,Male,Jaipur,3,Fashion,Jeans,1222.03,699.63,2,5.0,2444.06,122.2,2321.86,922.6,39.74,Debit Card,Referral,0,5.0,0,2023-11,2023Q4,36-45
ORD100485,2024-06-16,2024-06-25,9,CUST0023,37,Female,Ahmedabad,3,Fashion,Women Kurta,1027.89,564.91,2,0.0,2055.78,0.0,2055.78,925.96,45.04,UPI,Referral,0,5.0,0,2024-06,2024Q2,36-45
ORD100486,2023-04-02,2023-04-03,1,CUST0099,35,Male,Bangalore,1,Home & Kitchen,Mixer Grinder,2587.23,1644.94,2,0.0,5174.46,0.0,5174.46,1884.58,36.42,UPI,Organic Search,1,4.3,0,2023-04,2023Q2,26-35
ORD100487,2023-12-07,2023-12-18,11,CUST0088,42,Female,Ahmedabad,3,Beauty,Face Serum,501.43,232.13,2,25.0,1002.86,250.72,752.14,287.88,38.27,UPI,Referral,0,5.0,0,2023-12,2023Q4,36-45
ORD100488,2023-03-31,2023-04-01,1,CUST0030,54,Male,Delhi,1,Electronics,Laptop,34011.27,20370.15,2,25.0,68022.54,17005.63,51016.91,10276.61,20.14,UPI,Organic Search,0,5.0,1,2023-03,2023Q1,46-55
ORD100489,2024-01-09,2024-01-18,9,CUST0057,24,Male,Hyderabad,2,Sports,Running Shoes,3102.05,1769.17,3,10.0,9306.15,930.62,8375.53,3068.02,36.63,UPI,Email Campaign,1,3.7,0,2024-01,2024Q1,18-25
ORD100490,2023-02-05,2023-02-10,5,CUST0181,54,Male,Bangalore,1,Fashion,Handbag,1460.42,737.06,2,5.0,2920.84,146.04,2774.8,1300.68,46.87,UPI,Referral,0,4.2,0,2023-02,2023Q1,46-55
ORD100491,2023-08-19,2023-08-29,10,CUST0187,43,Male,Jaipur,3,Sports,Dumbbells Set,2418.6,1502.81,4,15.0,9674.4,1451.16,8223.24,2212.0,26.9,UPI,Paid Ads,0,4.7,1,2023-08,2023Q3,36-45
ORD100492,2024-02-05,2024-02-10,5,CUST0141,43,Male,Ahmedabad,3,Home & Kitchen,Bedsheet Set,1186.2,580.07,1,10.0,1186.2,118.62,1067.58,487.51,45.66,UPI,Referral,1,5.0,0,2024-02,2024Q1,36-45
ORD100493,2024-05-09,2024-05-12,3,CUST0167,18,Male,Delhi,1,Beauty,Lipstick Set,648.61,317.26,1,20.0,648.61,129.72,518.89,201.63,38.86,Cash on Delivery,Paid Ads,0,3.2,0,2024-05,2024Q2,18-25
ORD100494,2023-04-09,2023-04-16,7,CUST0167,39,Female,Surat,3,Beauty,Perfume,2445.73,1580.08,1,0.0,2445.73,0.0,2445.73,865.65,35.39,UPI,Organic Search,0,3.9,1,2023-04,2023Q2,36-45
ORD100495,2024-01-20,2024-01-29,9,CUST0167,42,Male,Kolkata,2,Beauty,Perfume,1852.77,1121.94,3,10.0,5558.31,555.83,5002.48,1636.66,32.72,Debit Card,Paid Ads,0,3.7,0,2024-01,2024Q1,36-45
ORD100496,2024-05-06,2024-05-11,5,CUST0166,62,Male,Pune,2,Home & Kitchen,Air Fryer,4081.18,2149.93,1,10.0,4081.18,408.12,3673.06,1523.13,41.47,Net Banking,Organic Search,1,1.7,0,2024-05,2024Q2,56-65
ORD100497,2024-06-26,2024-07-04,8,CUST0167,25,Female,Jaipur,3,Electronics,Smartwatch,3575.38,2194.44,3,10.0,10726.14,1072.61,9653.53,3070.21,31.8,Credit Card,Social Media,1,4.7,0,2024-06,2024Q2,18-25
ORD100498,2023-05-12,2023-05-17,5,CUST0009,23,Female,Delhi,1,Fashion,Jeans,888.72,551.26,1,10.0,888.72,88.87,799.85,248.59,31.08,Credit Card,Referral,1,4.0,0,2023-05,2023Q2,18-25
ORD100499,2023-10-28,2023-11-07,10,CUST0091,56,Female,Surat,3,Fashion,Handbag,2102.31,1077.62,1,5.0,2102.31,105.12,1997.19,919.57,46.04,Credit Card,Organic Search,1,2.3,1,2023-10,2023Q4,56-65
